
CREATE EXTENSION IF NOT EXISTS plpgsql WITH SCHEMA pg_catalog;
COMMENT ON EXTENSION plpgsql IS 'PL/pgSQL procedural language';
SET search_path = public, pg_catalog;
SET client_encoding=LATIN1;
CREATE FUNCTION fn_log_audit() RETURNS trigger
    LANGUAGE plpgsql
    AS $$
BEGIN
  IF (TG_TABLE_NAME = 'bitacora') THEN
    IF (TG_OP = 'DELETE') THEN
      INSERT INTO tbl_audit ("nombre_tabla", "operacion", "valor_anterior", "valor_nuevo", "fecha_cambio", "usuario")
             VALUES (TG_TABLE_NAME, 'D', (OLD.id_bitacora,OLD.id_archivo,OLD.fecha_cambio,OLD.asunto_cambio,OLD.id_departamento,OLD.id_usuario,OLD.observaciones,OLD.peso,OLD.referencia,OLD.tipo), NULL, now(), USER);
      RETURN OLD;
    ELSIF (TG_OP = 'UPDATE') THEN
      INSERT INTO tbl_audit ("nombre_tabla", "operacion", "valor_anterior", "valor_nuevo", "fecha_cambio", "usuario")
             VALUES (TG_TABLE_NAME, 'U', (OLD.id_bitacora,OLD.id_archivo,OLD.fecha_cambio,OLD.asunto_cambio,OLD.id_departamento,OLD.id_usuario,OLD.observaciones,OLD.peso,OLD.referencia,OLD.tipo) ,(NEW.id_bitacora,NEW.id_archivo,NEW.fecha_cambio,NEW.asunto_cambio,NEW.id_departamento,NEW.id_usuario,NEW.observaciones,NEW.peso,NEW.referencia,NEW.tipo) , now(), USER);
      RETURN NEW;
    ELSIF (TG_OP = 'INSERT') THEN
      INSERT INTO tbl_audit ("nombre_tabla", "operacion", "valor_anterior", "valor_nuevo", "fecha_cambio", "usuario")
             VALUES (TG_TABLE_NAME, 'I', NULL, (NEW.id_bitacora,NEW.id_archivo,NEW.fecha_cambio,NEW.asunto_cambio,NEW.id_departamento,NEW.id_usuario,NEW.observaciones,NEW.peso,NEW.referencia,NEW.tipo), now(), USER);
      RETURN NEW;
    END IF;
    RETURN NULL;
  else  
    IF (TG_OP = 'DELETE') THEN
      INSERT INTO tbl_audit ("nombre_tabla", "operacion", "valor_anterior", "valor_nuevo", "fecha_cambio", "usuario")
             VALUES (TG_TABLE_NAME, 'D', OLD, NULL, now(), USER);
      RETURN OLD;
    ELSIF (TG_OP = 'UPDATE') THEN
      INSERT INTO tbl_audit ("nombre_tabla", "operacion", "valor_anterior", "valor_nuevo", "fecha_cambio", "usuario")
             VALUES (TG_TABLE_NAME, 'U', OLD, NEW, now(), USER);
      RETURN NEW;
    ELSIF (TG_OP = 'INSERT') THEN
      INSERT INTO tbl_audit ("nombre_tabla", "operacion", "valor_anterior", "valor_nuevo", "fecha_cambio", "usuario")
             VALUES (TG_TABLE_NAME, 'I', NULL, NEW, now(), USER);
      RETURN NEW;
    END IF;
    RETURN NULL;
  
  end if;
END;
$$;
LANGUAGE 'plpgsql' VOLATILE COST 100;
ALTER FUNCTION public.fn_log_audit() OWNER TO postgres;
--
-- Estrutura de la tabla 'accesos'
--

DROP TABLE accesos CASCADE;
CREATE TABLE accesos (
id_acceso int4 NOT NULL,
id_usuario int4,
id_aplicacion int4,
estado text
);

--
-- Creating data for 'accesos'
--

INSERT INTO accesos VALUES ('1','1','1','a');
INSERT INTO accesos VALUES ('2','1','2','a');
INSERT INTO accesos VALUES ('3','1','3','a');
INSERT INTO accesos VALUES ('4','1','4','a');
INSERT INTO accesos VALUES ('5','1','5','a');
INSERT INTO accesos VALUES ('6','1','6','a');
INSERT INTO accesos VALUES ('7','1','7','a');
INSERT INTO accesos VALUES ('8','1','8','a');
INSERT INTO accesos VALUES ('9','1','9','a');
INSERT INTO accesos VALUES ('10','2','1','p');
INSERT INTO accesos VALUES ('11','2','2','p');
INSERT INTO accesos VALUES ('12','2','3','p');
INSERT INTO accesos VALUES ('13','2','4','a');
INSERT INTO accesos VALUES ('14','2','5','a');
INSERT INTO accesos VALUES ('15','2','6','a');
INSERT INTO accesos VALUES ('16','2','7','p');
INSERT INTO accesos VALUES ('17','2','8','p');
INSERT INTO accesos VALUES ('18','2','9','p');
INSERT INTO accesos VALUES ('19','3','1','p');
INSERT INTO accesos VALUES ('20','3','2','p');
INSERT INTO accesos VALUES ('21','3','3','p');
INSERT INTO accesos VALUES ('22','3','4','a');
INSERT INTO accesos VALUES ('23','3','5','a');
INSERT INTO accesos VALUES ('24','3','6','a');
INSERT INTO accesos VALUES ('25','3','7','p');
INSERT INTO accesos VALUES ('26','3','8','p');
INSERT INTO accesos VALUES ('27','3','9','p');


--
-- Creating index for 'accesos'
--

ALTER TABLE ONLY  accesos  ADD CONSTRAINT  accesos_pkey  PRIMARY KEY  (id_acceso);

--
-- Estrutura de la tabla 'aplicaciones'
--

DROP TABLE aplicaciones CASCADE;
CREATE TABLE aplicaciones (
id_aplicacion int4 NOT NULL,
nombre_aplicacion text,
direccion text
);

--
-- Creating data for 'aplicaciones'
--

INSERT INTO aplicaciones VALUES ('1','Ubicaciones','ubicaciones.php');
INSERT INTO aplicaciones VALUES ('2','Ingresos Varios','varios.php');
INSERT INTO aplicaciones VALUES ('3','Nuevos Usuarios','usuarios.php');
INSERT INTO aplicaciones VALUES ('4','Reportes','reportes.php');
INSERT INTO aplicaciones VALUES ('5','Buscar Documentos','buscarTexto.php');
INSERT INTO aplicaciones VALUES ('6','Datos Usuario','datos_personales.php');
INSERT INTO aplicaciones VALUES ('7','Respaldo','../procesos/backup.php');
INSERT INTO aplicaciones VALUES ('8','Restuarar Archivos','restaurar_archivo.php');
INSERT INTO aplicaciones VALUES ('9','Graficos Estadisticos','graficos.php');


--
-- Creating index for 'aplicaciones'
--

ALTER TABLE ONLY  aplicaciones  ADD CONSTRAINT  aplicaciones_pkey  PRIMARY KEY  (id_aplicacion);

--
-- Estrutura de la tabla 'archivo'
--

DROP TABLE archivo CASCADE;
CREATE TABLE archivo (
id_archivo int4 NOT NULL,
nombre_archivo text,
codigo_archivo text,
id_tipo_doc int4,
id_creador int4,
estado text
);

--
-- Creating data for 'archivo'
--

INSERT INTO archivo VALUES ('1','examen','C-2014-10-03-docx-1-1','2','3','0');


--
-- Creating index for 'archivo'
--

ALTER TABLE ONLY  archivo  ADD CONSTRAINT  archivo_pkey  PRIMARY KEY  (id_archivo);

--
-- Estrutura de la tabla 'auditoria_sistema'
--

DROP TABLE auditoria_sistema CASCADE;
CREATE TABLE auditoria_sistema (
id_sistema int4 NOT NULL,
usuario text,
fecha_cambio text,
tabla text,
operacion text,
anterior text,
nuevo text,
observacion text
);

--
-- Creating data for 'auditoria_sistema'
--

INSERT INTO auditoria_sistema VALUES ('1','javier 1','2014-10-03','usuario','Update','1,Wi,Oscar Quilca,Otavalo,Otavalo,062922992,091212121,w_narvaez@hotamil.com,ADMINISTRADOR,javier,2014-07-21,Uniandes,Administrador,Administrador','1,Wi,Oscar Quilca,Otavalo,Otavalo,062922992,091212121,w_narvaez@hotamil.com,ADMINISTRADOR,javier,2014-10-03,Uniandes,Administrador,Administrador','Ingreso del usuario al sistema');
INSERT INTO auditoria_sistema VALUES ('2','javier 1','2014-10-03','usuario','Update','1,Wi,Oscar Quilca,Otavalo,Otavalo,062922992,091212121,w_narvaez@hotamil.com,ADMINISTRADOR,javier,2014-10-03,Uniandes,Administrador,Administrador','1,Wi,Oscar Quilca,Otavalo,Otavalo,062922992,091212121,w_narvaez@hotamil.com,ADMINISTRADOR,javier,2014-10-03,Uniandes,Administrador,Administrador','Ingreso del usuario al sistema');
INSERT INTO auditoria_sistema VALUES ('3','javier 1','2014-10-03','pais','Insert',NULL,'2,Colombia','Ingreso de paises');
INSERT INTO auditoria_sistema VALUES ('4','javier 1','2014-10-03','pais','Insert',NULL,'3,Peru','Ingreso de paises');
INSERT INTO auditoria_sistema VALUES ('5','javier 1','2014-10-03','ciudad','Insert',NULL,'2,Pichincha,Ecuador','Ingreso de una provincia nueva');
INSERT INTO auditoria_sistema VALUES ('6','javier 1','2014-10-03','ciudad','Insert',NULL,'2,Ibarra,Imbabura','Ingreso de una ciudad nueva');
INSERT INTO auditoria_sistema VALUES ('7','javier 1','2014-10-03','departamento','Insert',NULL,'2,2,CORDINACION,Activo','Ingreso de un nuevo departamento');
INSERT INTO auditoria_sistema VALUES ('8','javier 1','2014-10-03','departamento','Insert',NULL,'3,3,SISTEMAS,Activo','Ingreso de un nuevo departamento');
INSERT INTO auditoria_sistema VALUES ('9','javier 1','2014-10-03','medio_recepcion','Insert',NULL,'1,1,IMPRESO,Activo','Ingreso de un nuevo medio de recepcion ingresado por el usuario');
INSERT INTO auditoria_sistema VALUES ('10','javier 1','2014-10-03','medio_recepcion','Insert',NULL,'2,2,DIGITAL,Activo','Ingreso de un nuevo medio de recepcion ingresado por el usuario');
INSERT INTO auditoria_sistema VALUES ('11','javier 1','2014-10-03','usuario','Insert',NULL,'3,j133,juan carlos,ibarra,Ibarra,87589545454,877785498548754,njmnm@ghj.com,USUARIO,juan,,mies,Administrador,SISTEMAS,o-,2014-10-03,masculino,soltero','Creacion de un nuevo usuario');
INSERT INTO auditoria_sistema VALUES ('12','javier 1','2014-10-03','clave','Insert',NULL,'3,MTIz,juan carlos','Creacion de una nueva clave para el usuario');
INSERT INTO auditoria_sistema VALUES ('13','javier 1','2014-10-03','accesos','Insert',NULL,'19,juan carlos,Ubicaciones,p','Creacion de accesos para el nuevo usuario');
INSERT INTO auditoria_sistema VALUES ('14','javier 1','2014-10-03','accesos','Insert',NULL,'20,juan carlos,Ingresos Varios,p','Creacion de accesos para el nuevo usuario');
INSERT INTO auditoria_sistema VALUES ('15','javier 1','2014-10-03','accesos','Insert',NULL,'21,juan carlos,Nuevos Usuarios,p','Creacion de accesos para el nuevo usuario');
INSERT INTO auditoria_sistema VALUES ('16','javier 1','2014-10-03','accesos','Insert',NULL,'22,juan carlos,Reportes,a','Creacion de accesos para el nuevo usuario');
INSERT INTO auditoria_sistema VALUES ('17','javier 1','2014-10-03','accesos','Insert',NULL,'23,juan carlos,Buscar Documentos,a','Creacion de accesos para el nuevo usuario');
INSERT INTO auditoria_sistema VALUES ('18','javier 1','2014-10-03','accesos','Insert',NULL,'24,juan carlos,Datos Usuario,a','Creacion de accesos para el nuevo usuario');
INSERT INTO auditoria_sistema VALUES ('19','javier 1','2014-10-03','accesos','Insert',NULL,'25,juan carlos,Respaldo,p','Creacion de accesos para el nuevo usuario');
INSERT INTO auditoria_sistema VALUES ('20','javier 1','2014-10-03','accesos','Insert',NULL,'26,juan carlos,Restuarar Archivos,p','Creacion de accesos para el nuevo usuario');
INSERT INTO auditoria_sistema VALUES ('21','javier 1','2014-10-03','accesos','Insert',NULL,'27,juan carlos,Graficos Estadisticos,p','Creacion de accesos para el nuevo usuario');
INSERT INTO auditoria_sistema VALUES ('22','javier 1','2014-10-03','usuario','Update','1,Wi,Oscar Quilca,Otavalo,Otavalo,062922992,091212121,w_narvaez@hotamil.com,ADMINISTRADOR,javier,2014-10-03,Uniandes,Administrador,Administrador','1,Wi,Oscar Quilca,Otavalo,Otavalo,062922992,091212121,w_narvaez@hotamil.com,ADMINISTRADOR,javier,2014-10-03,Uniandes,Administrador,Administrador','Salida del sistema por el usuario actual');
INSERT INTO auditoria_sistema VALUES ('23','juan 3','2014-10-03','usuario','Update','3,j133,juan carlos,ibarra,Ibarra,87589545454,877785498548754,njmnm@ghj.com,USUARIO,juan,,mies,Administrador,SISTEMAS','3,j133,juan carlos,ibarra,Ibarra,87589545454,877785498548754,njmnm@ghj.com,USUARIO,juan,2014-10-03,mies,Administrador,SISTEMAS','Ingreso del usuario al sistema');
INSERT INTO auditoria_sistema VALUES ('24','juan 3','2014-10-03 12:14:19','archivo','Insert',NULL,'1,examen,C-2014-10-03-docx-1-1,(2,DOC,DOCUMENTO,Activo),juan carlos,0','Creación de un archivo nuevo por el usuario');
INSERT INTO auditoria_sistema VALUES ('25','juan 3','2014-10-03 12:14:19','bitacora','Insert',NULL,'1,examen,2014-10-03 12:14:19,para informacion personal,SISTEMAS,juan carlos,',nada,46060,CIVILIZACION201410031214191.docx,application/vnd.openxmlformats-officedocument.wordprocessingml.document','Nueva versión del archivo original');
INSERT INTO auditoria_sistema VALUES ('26','juan 3','2014-10-03 12:14:19','metas','Insert',NULL,'1,nombre,CIVILIZACION201410031214191.docx,examen','Creación de una meta para el archivo creado');
INSERT INTO auditoria_sistema VALUES ('27','juan 3','2014-10-03 12:14:19','metas','Insert',NULL,'2,tipo,application/vnd.openxmlformats-officedocument.wordprocessingml.document,examen','Creación de una meta para el archivo creado');
INSERT INTO auditoria_sistema VALUES ('28','juan 3','2014-10-03 12:14:19','metas','Insert',NULL,'3,peso,46060,examen','Creación de una meta para el archivo creado');
INSERT INTO auditoria_sistema VALUES ('29','juan 3','2014-10-03 12:14:19','recibidos','Insert',NULL,'1,examen,juan carlos,Enviado','Envio del archivo subido a todos los usuarios relacionados');
INSERT INTO auditoria_sistema VALUES ('30','juan 3','2014-10-03 12:14:19','recibidos','Insert',NULL,'2,examen,Oscar Quilca,Enviado','Envio del archivo subido a todos los usuarios relacionados');
INSERT INTO auditoria_sistema VALUES ('31','juan 3','2014-10-03','usuario','Update','3,j133,juan carlos,ibarra,Ibarra,87589545454,877785498548754,njmnm@ghj.com,USUARIO,juan,2014-10-03,mies,Administrador,SISTEMAS','3,j133,juan carlos,ibarra,Ibarra,87589545454,877785498548754,njmnm@ghj.com,USUARIO,juan,2014-10-03,mies,Administrador,SISTEMAS','Salida del sistema por el usuario actual');
INSERT INTO auditoria_sistema VALUES ('32','javier 1','2014-10-03','usuario','Update','1,Wi,Oscar Quilca,Otavalo,Otavalo,062922992,091212121,w_narvaez@hotamil.com,ADMINISTRADOR,javier,2014-10-03,Uniandes,Administrador,Administrador','1,Wi,Oscar Quilca,Otavalo,Otavalo,062922992,091212121,w_narvaez@hotamil.com,ADMINISTRADOR,javier,2014-10-03,Uniandes,Administrador,Administrador','Ingreso del usuario al sistema');
INSERT INTO auditoria_sistema VALUES ('33','javier 1 ','2014-10-03','recibidos','Update','1,examen,juan carlos,Enviado,1','1,examen,juan carlos,Enviado,0','El documento enviado ha sido chequeado por el o los destinatarios');
INSERT INTO auditoria_sistema VALUES ('34','javier 1 ','2014-10-03','recibidos','Update','1,examen,juan carlos,Enviado,0','1,examen,juan carlos,Enviado,0','El documento enviado ha sido chequeado por el o los destinatarios');
INSERT INTO auditoria_sistema VALUES ('35','javier 1 ','2014-10-03','recibidos','Update','1,examen,juan carlos,Enviado,0','1,examen,juan carlos,Enviado,0','El documento enviado ha sido chequeado por el o los destinatarios');
INSERT INTO auditoria_sistema VALUES ('36','javier 1','2014-10-03',NULL,'Descarga de archivos',NULL,NULL,'Descarga del documento por el usuario Oscar Quilca');
INSERT INTO auditoria_sistema VALUES ('37','javier 1','2014-10-03','usuario','Update','1,Wi,Oscar Quilca,Otavalo,Otavalo,062922992,091212121,w_narvaez@hotamil.com,ADMINISTRADOR,javier,2014-10-03,Uniandes,Administrador,Administrador','1,Wi,Oscar Quilca,Otavalo,Otavalo,062922992,091212121,w_narvaez@hotamil.com,ADMINISTRADOR,javier,2014-10-03,Uniandes,Administrador,Administrador','Ingreso del usuario al sistema');
INSERT INTO auditoria_sistema VALUES ('38','javier 1','2014-10-03',NULL,'Backup',NULL,NULL,'Respaldo de la base de datos por el usuario Oscar Quilca');


--
-- Creating index for 'auditoria_sistema'
--

ALTER TABLE ONLY  auditoria_sistema  ADD CONSTRAINT  auditoria_sistema_pkey  PRIMARY KEY  (id_sistema);

--
-- Estrutura de la tabla 'bitacora
--

DROP TABLE bitacora CASCADE;
CREATE TABLE bitacora (
id_bitacora int4 NOT NULL,
id_archivo int4,
fecha_cambio text,
asunto_cambio text,
id_departamento int4,
id_usuario int4,
archivo_bytea bytea,
observaciones text,
peso text,
referencia text,
tipo text
);

--
-- Creating data for 'bitacora'
--

INSERT INTO bitacora VALUES ('1','1','2014-10-03 12:14:19','para informacion personal','3','3','\x504b03041400060008000000210018ff7bc3d1010000ca090000130008025b436f6e74656e745f54797065735d2e786d6c20a2040228a000020000000000000000000000000000000000000000000000000000000000000000000000000000000000000000000000000000000000000000000000000000000000000000000000000000000000000000000000000000000000000000000000000000000000000000000000000000000000000000000000000000000000000000000000000000000000000000000000000000000000000000000000000000000000000000000000000000000000000000000000000000000000000000000000000000000000000000000000000000000000000000000000000000000000000000000000000000000000000000000000000000000000000000000000000000000000000000000000000000000000000000000000000000000000000000000000000000000000000000000000000000000000000000000000000000000000000000000000000000000000000000000000000000000000000000000000000000000000000000000000000000000000000000000000000000000000000000000000000000000000000000000000000000000000000000000000000000000000000000000000000000000000000000000000000000000000000000000000000000000000000000000000000000000000000000000000000000000000000000000000000000000000000000000000000000000000000000000000000000000000000000c4564b6bdc3010be17fa1f8caec1d6268552ca7a736893631be8969e1569bc16b11e489364f7df77b4de359bb0899c87c9c5608fbec73c8c667ebe365d7107216a676b765acd5801563aa5edaa667f9797e5375644145689ce59a8d906223b5f7cfe345f6e3cc482d036d6ac45f4df398fb2052362e53c588a342e1881f41a56dc0b792356c0cf66b3af5c3a8b60b1c4c4c116f39fd088db0e8b8b357dee9d806958f1a33f97a46aa64dc2afcb14e1473101baf80824bcefb41448d9f13bab1e392b77ae2a426ecfc456fb7842d69f50489187ae0e0576b8df54cea015145722e02f61c83bbf774171e5e4ada1bcabe7698ef8744da3250cf8c4e683931023f5c974d5103142dbbdff277d44dc7410dfdf45cf3b52fe9fc6f6a26940d280e4eb61629992ae7a89036c5e0d10a94863441e8e6d992b7adc31672ddcc3f59fc95c1c90678d34cea1753845ef07eaac09b06a220f7be6ac85168482703a62ee5e38123df148fdb30fd34fcd9a24ff9e389b7f7f6c82fc47eaf76dfaf2c1f59f407f64fe0dddab4b71ddc1fb5760a0ce0e01d2ae007cfb7cfb9fb8a5794e926ec8abe07ca4dd23bc22edfda290d0255dbd1e026a1856856357eda0482bc29beb0c693352a08e68f3ed26b6f80f0000ffff0300504b0304140006000800000021004b2045b802010000de0200000b0008025f72656c732f2e72656c7320a2040228a000020000000000000000000000000000000000000000000000000000000000000000000000000000000000000000000000000000000000000000000000000000000000000000000000000000000000000000000000000000000000000000000000000000000000000000000000000000000000000000000000000000000000000000000000000000000000000000000000000000000000000000000000000000000000000000000000000000000000000000000000000000000000000000000000000000000000000000000000000000000000000000000000000000000000000000000000000000000000000000000000000000000000000000000000000000000000000000000000000000000000000000000000000000000000000000000000000000000000000000000000000000000000000000000000000000000000000000000000000000000000000000000000000000000000000000000000000000000000000000000000000000000000000000000000000000000000000000000000000000000000000000000000000000000000000000000000000000000000000000000000000000000000000000000000000000000000000000000000000000000000000000000000000000000000000000000000000000000000000000000000000000000000000000000000000000000000000000000000000000000000000000ac92db4a03311086ef05df21cc7d37db2a22d26c6f44e89dc8fa006332bb1bdc1c48a6dabebda1e061612d82bd9cd33fdf1cd69bbd1bc51ba56c8357b0ac6a10e47530d6f70a9edb87c52d88cce80d8ec193820365d8349717eb271a914b511e6ccca2a8f8ac60608e7752663d90c35c8548be44ba901c7231532f23ea57ec49aeeafa46a69f1ad04c34c5d628485b7305a23dc4d2f93fdad211a34146a943a2454c852cb12db38816534facc004fd58dcf99851156a90f340abf302f1b0732f1eed3883f215abc875bff12cffce13bace6aba0f7ae7c8f3cc0de434e31be93d2423cb8a8e85a7b6737d4e1ada337943e6f4c130c64f2239f9cae6030000ffff0300504b030414000600080000002100b3e1618a77010000c60700001c000801776f72642f5f72656c732f646f63756d656e742e786d6c2e72656c7320a2040128a0000100000000000000000000000000000000000000000000000000000000000000000000000000000000000000000000000000000000000000000000000000000000000000000000000000000000000000000000000000000000000000000000000000000000000000000000000000000000000000000000000000000000000000000000000000000000000000000000000000000000000000000000000000000000000000000000000000000000000000000000000000000000000000000000000000000000000000000000000000000000000000000000000000000000000000000000000000000000000000000000000000000000000000000000000000000000ac95cd4ec3301084ef48bc43e43b7192420ba8492f80d42b1471769d751291d891bdfcf4ed7153b5754b30175f22ed46d9f9349eace78befae8d3e419b46c99ca4714222905c958dac72f2ba7ababa259141264bd62a0939d980218be2f262fe0c2d43fb91a99bde44768a3439a911fb7b4a0dafa16326563d48fb4628dd31b4a5ae68cff83bab80664932a5da9d418a9399d1b2cc895e96567fb5e9adf2ffb395100d8707c53f3a903822416b6025683b91e90ad0ce1cea2cb690848eeba793900042495cb1750b478643cb471114c200a23d5f7364d8777c08b3903e8c1f44ead34fb3900042297493b0ab273e80bff4bb866b6594c098ab8eee42b80ddfec34dfd4e0a605f3d660fd28047074fd3f7fe5e34843fab08372923090f8e4a721e54196d21e8463c5bee34348835a309e456f146e427ab08dde99098796d705bbabc3adc6f11fc2bb1aaf43ea7fc1fae5d75e729a3e27ee42828c1be15f4d419d407b793af7c350d2e17980a027b76ff1030000ffff0300504b030414000600080000002100c3fdb8636c1d00000a1f010011000000776f72642f646f63756d656e742e786d6cec5dcd52dbcab69edfaafb0e2a467b57116283019bdaf129634cb6ab08a40cc9adb327b7da928c9be8efe8c7098cee3b9c27c8ec6490c1ad9cd11e6ebfc97d92fbad9664d442b6c14822060d12c03feaeed5abd75f7f6baddffef6c5349489ee7adcb6de6cd4b76a1b8a6ea9b6c6adcb371b1f2e8e5f353714cf6796c60cdbd2df6c5cebdec6dfdafff91fbf7d3ed06c353075cb57f008cb3bf8eca86f36c6beef1cbc7eeda963dd64de96c955d7f6ec91bfa5dae66b7b34e2aafefab3ed6aafb76bf59af8cd716d55f73c8cd765d684791bd1e3ccbb4fb31dddc25823db3599ef6dd9eee56b93b99f02e7159eee309f0fb9c1fd6b3cbbb6173fc67eb311b8d64134a157b309d1570ec209453fe26fb8775691316ef8cda3880262c4d7ae6e600eb6e58db973bb8c559f86258ee3294d162d62621af1e73e3bf5c69df1664bbecf1e1cb9ec33b6e2f681771e97410c2dfc92698474a0fdbdddd5f413ebb5458b8976841e319bc37da6208f19cfc464dc9a3d6635d224898b13f118fe7eebda81339b8ec31ff7b4bef569f62c3a980f98596d4f9cbce4d2bc073de0ced13d1f3347df504cf5a07f69d92e1b1a98d1e77a43218edc6843580c6ded9a7e3acae703081b6df066a3563bdcdf691e42c0442f1de92316187ee21dfa864bff092173e0394cc5831d57f77477a26fb44fcfde1d0e7a07ca6faff19136fd2f3eedc64fa447359a8dda614b4cc26ff73ef64efaa7ca716f70da393deafd217d115f771e33c776f7c3e0fc4c7a242634772e074a5de99f1e9f0dde752efadd8ef2d7bffffa7787fe939ef0e8491df7babf77a447d26ed89f48749efbccf53141ae8152b40f163341e0ff7e6b1f32f5d3c66ba246fcd99ea5cd3e29de58b8b2edd7f56d12f23bd2c8f162fca121767568bc0fb777689cfbd7868e0126cc78b371010e62aa6da901d35c35305838157cedbff091cfd164fd6b079365816fcfde3ec1c2e287d41a1db1a611773d7f60e35b755aa2c1a2bf6edfecda466092fa8bdf8f5f086962ff7e08051853c8fe18fe55a741b1204c6ab688b72ed7686197f8896784736deeef87f3935eadd7eaad8c97f75bcd8c571b3b998fa8d7b33edcda6f643ca2b52d269c9adb9c59d46badac6734f676e8c9e1a2e3b5fa121f1c1fee75b65b44473ae51750a650c6fb3bf5a3500cf8aad87735a2981a6d67737787be126ea8f6456c378d127d4e121af2088384d090df794f43b77afb478d4371f89d704c37fa716c5bbe873199a77288e2ce40393c3b3dedf7681ee38ee549af858b165f25168e1e112d72f05eacb2d9d9dbadd5c5508f1d838459b7ffb17fd2ffa3d3ed9f9d669c21419d909699146db504efae42516939f11a179339a23ccd2426ce1a92b9779e41e894ca92796c09f7ad31593a834ef7a237e89f936acaa2cb3206dcdf178a7d15065ccc6beb7ba43f1c8296ddfef49fa7ca45efddfbb341e72483e19611b6118ad75508bbc2c95e5f6a770617bd15c85baf35e13caea68b5e147dbb1f4e2e3e0c64cb929463681f447a3e5b3735f657a5f073150d03b8256f57d3f4f5faea02e1b992b377de1df457e5ced52da7e74aceae6c0d28e767dd7ee724d35c5aa6bdea35f8102b8ad79742def76727fd55cdaec6ee6e455ea1822227cc6f9ff4febe88558963c320841b3b3b09a7357aa9084736728be34113dc2dbf53bc234b5a3a0f9f551d738bad60733dc45995699374c0e4777e6eaa7d3ef06eb0f122d8b55d0bc335de4d97021289d7c09a332eee190a02613e9fd88aa61b0a735dfb46515ddd56028b29b80b6116bf612a9ffeb0f00ac74d0bd398e230972908a4f9ae6d3057b9564cfd0af15957c123a2c76d291d6ffa5db1c477e9756e3abacb6d8576d356fe11e88a670f5d7dc227dc9d7e55c6889f31fa9cc72f0d5bf9f2656b851d7f887728efeb6099912d7ffcd9b181a518b6a78ca6df5c9f1bbaa7805de887a68bd7dde977bcfb3bb32e6fc67680fdbec6afaf14dfd35f299f387edfc4273d7cf876ff260adb5257d8c287f8a1f29e3cd9a1bd9f7bf2200f30b5b2e7c49c09e94377b2776f5f8e3ff40667a7f7bd7cc943c1bc751188d73d895b212373d25fd9ab54b835c12db78d4b279c278cae064384f7e9ef4d1c233a8de9f9c42a9dec88c4f5531e140827c35cdb4a0f5a2c110c56e62a9de90f63023db559ee2221145303e21edb1ef55cb20cc380dba5cb4c716b16eaecbc58afede002d550d2ebcd1c1e1771f90e3e87efb1e530055cf03e03e30badc3351decbe390a743020bdc86050685c85d9a7e8b034cce05a611366ddcc6c0fdce94dbf39b6ca56b1125a0f0814a504f1fa5bd3d9bbd2b36e55f78493ea16765aa9a7d30b462400534725afa390bd6e62356e8d8c00e824ce84093c0c34ee99365ed660ad9268563470a7694fb8c949627b8a17b89798a9074c5348a603a21ed94acc26a348f1a3bfbbb6350a542eafe99ee6c243e26f292e5d662e44ca23d227c2964de893e8aa8d5011c0ece0436ce4ebb88bdc6e441ec563150e1120bac7cb49bbb4fb9020977023c83f493350526d4684ca69d8393c25ec6695bb9bc2cb110e537a4e394da0ed7173084080fe85c02b4fbf72f21921cce138c2594c2bbdbc4e72db1e5ee9bebda930389869c296bed9e4c8927e8232b261b9419e5836704a37b1723309e4e8728bcc3a8f0da7df195c2d5d27a719369f0b70a1bb920e7b403839251d9ead0ef37c5b81d78a5006137685883478f803d635dc5911a0200e5dc4330939f8583147700bd3b698fb8f00bb9e1e342709304704990459453c860d3d80907cb609fe14d119dd740c9dc1cd20274319f3ab30eea372dda013e5d8d778732e0b43a0410542beb9baca435e2682ea5aa0463122dd73f01683cd194574c0fffa1566e2dba430c9dc635e20b428c59ba2a090449c7beac78744fc5fc8093801755586381b70cff8d50762925de15f18dca177f06a14d2814a7799af5b64d2604361c9489b00f737294a733e16081d92798fa0627ad0628f05d68e08a70e898cc3c16d6f4be9094f1bf3f17ceed33905ade070b06b1c1744397d187f64d6e1f8107450844145387a1599fd904b949f8463a5b3883fe84a837e8440cbd50174c54198c2193f145e2590a7d27270a3b80fc4637c08124a537e4758cfc7adbde3eda30d62ded8b2cd09a896b99ce6517da7d7c99a9bfc4e353719182e5327192f96dfa9e856d1ed81b8ddf89cbe3008fa7618324c43d0b330e1cdddcc0fd71b02fc9d0290ef6542d0f777b3f0eaaded2cb83a49e9fb4faeb127a61caab66c08faf6de5e0f323e5208e1cd7d243648eecf83a0ef091d722f58e54fa2f313a69f1448cac9347b2c04bdb93a45a5e564687679038416585fa06a12e99f095449d948f2e293ca517e67ddc92283ce24ff2314e2240416e14c1fc180092bf25911351f08fa2308fba24ef68a10f48abccbd3b070f4916eb92a02fd11147eae92e11108f4e6defd31a7b2347db6caeb3100f48a9c3df207a0dda3c03e4eba6c0b3c06805e517729751f833fafc87b87bcabe1cf8bf762e550da12515c5ce0343ffc5e9b9020f2fd5dfe8ec27caac93b567068323faa655f4cf63cdca8d0d51307f211f01a03981ae0c0705f88fa1e780b173174db3262a6ed11c2dcd5386e740101a35b185c5e49ee5a2250913f24327bfebf739319ec9add9d494ed191ec61011618e3f629c4c7076e4c26142e9a7eb73c14b25044f52242e6e3de8a2eb050ca0474a52b564d5799b5ca75d543acd9f9ec2b5b666bcebe676ae0d8253261db90e54ed1c753b9015e81ce5a79e7acfd9e7de29e3ffd6aa5c72cfa44d1adaeb8e1b55515a025e05105868f8e4f7a2a71acb02c312334ce963c8d4ae72caea002d73d5b781e01fd83b42603994ad02eb4e31e83dc840c07fa045a870900040ab7411d81255c1b6896f0a6bfdc83a08e19526ed258edbc5073d9b4517ce6a0781eb069636e00f9835f40121525e72cd0c7b10daab487927b9b4a08ba13f01194781a71634bf7d5a7532bb2c22958ad54476fc5a3d73394084e7da08c02c06e802d230b052f2e16b2cddd5aab1b022a7280e165f3fe66967c4d5d8a44f388e57f224a27bf533003e6a7f7dbd8922bd42f2488bbbc2757946d814c4e3666c8c864ca6a67fbfe213bf90427fdc4e7e5f1088706684c78317e00ba2eb22d765af556674fe0887260fb36326db5e99fe9018bb5ab44522fe0b6001492c3866c5e828c12c4303d8ff850915195f3c20d3e4481d883f488c5ae7c997f9af31a27ba06bd5cee12e14e927c188e91ff4da06260d80d05a96bf088ad9552b11e12d79b2f30d6541667aba5f3a0cc93e2d9807e432f97cc47c8f51fde961780314099545401000066e44c51296670b7b015c8179a702d8030a15c0b321fbc4041f4e812df997ef32dae529a16bdae01f87c6921ac44df409101d4517604fc3980300a2e8142d774c861139a0e860849280ceca988e8a0168140ada7c950a08c2a5438b79f4e7b3fabc3887825b188ef06aa50de119b4c280b0249102303b90d21f74210aad31f1abfa4840a48492b58d17fcfc382924565c1c6a9e41de18f051871795e499b4f7ea79419a74dfd0a54bdac386db8d315dd1e5ad4b7a2db6ac5902bba557493a472a517aac48c2a31e31ebd0176b2922a5acdac4489662bab61402b335b63b7b59b9153d16a66e57bb4d02d47a4d549c921ad66761648662782060ab584902da4d56467651c1da2b5c1a19c9591c0ecc740ee301bcf9f3506583d87201102ceb8da4e0c9d73226002ec20819d738a69555919b3cccdd8e72f9ccc5556c63c24a6148609ad40fc1f1f6662f9b8874775a4133d4652f0d62a2b83c43eb14f948c5de8c9aeb2320a256f9595916317a02a2b23cf9e4a555646be2daaaaac8cb097613106688aba555646aeccbb5a5646f15eac7cbf22ddbc8450ab48798b085ba15e6c4e0e6bf6e579e7c607dc5dbe40cfdf7f984fccddc3fdc3fa2c1cb1e6c4eca1282c8a998637e7f845f2ca12f18802003cd42c1add05ca2f484d092836da1a007b10e84382f4005b402f8625b98d00285d821113dc00b0017b88126a33b0307a80869d108076f2391558a3dadef451ba1d0edb25e04f63fadd27d002e5b430dc225f5259b1156f8bef5f5de405312d5a8f53fb022270893cfb6efaed0bb61555140dec707ae042c55e08ae25bed4adfacef62e2164540e90ad868298806701a270a15bb63a46913b40bb3795601836f2a004218301b370a17f5151c1744b912956a6ec8cf071eba688dabd2fc0cb0b88637acf6387980464a4198a650393115605422bc4365d8013453a8f038c17a0a7a8a28e62a480a2aa54c55ad4a905b25f88b10c606a4e536d9bd3af775a2b944e99455b73d4acf51af9a16e45757b8f23930ab0576850d4fde596a2e1348a9aab809b51014aca7e847c0a7726ac14ed203145d9de46a9540b0918c0bfc920ae94c62d85a124b295290c646d55b02155e6c222665b3729976d6ef72036a800303a3b519d5fe2776121c94a24c5b839e3a031aaab4b7c8af172925dd9ab266b6e080420e4297e4342f02675cc12b56343b9cb2d93f2ca0c0e052c9fe1fb725a1e20c067c569e7a59a724806746cca112c97afcab55739143330d4a5a71c22e1d047b30698a5b053ca9414d466261c17759f45ed7d3ab3e56e310908919c1219e6b0c3fefa577a0a49eb2867692930ca48f84c0f59a8c0fceb5fca5857c7582b593ca225117e0103f83af24d517abe644f0d8db790005072ee8c0f9b8ed6c98c4b5ba3768ae92d48ee7a14102c74577cfd0a0a8a5c059a1ae5462c9c52de8cc82d42d43f3511d0a964c69026bb0cf4eb2754d81296a9609bb76823a95c852d52844ad7d7383a133872d0638bd838ef838328a35e766e6368d7aaa87e43d93094bb05a1edead7881e043ac24722d593a9baabd948f5c4ab90f5384ce8b540d188b0cd5b1c6f28915659a18742652a1aae30b454a1e5478526c4f2614fea2e12cc441e6c18112e910ad33fd1e0d7949b90157dfc0509a20624a2a9652556a5ec1a28fb71c7f2a4d752f0ad639c1f6131c06e90b3149107a989bc46e233bc65b00955eea0f4487cc5824b8af625d4ff87335338e58ecb2920250e23d4bc3899b2ea2dd3317dbad80e569957765ab408922631bcac6af9e17a5c93ee96abec8d903bc2e35565ce559973c9c06f71d52f2b7eab32e79e5cf61eeeef340f9b716e4e522fc8ef084fb7f8b3f0a25af3ecef666575d56b3b59e957ad56566258ab9595c055af6d67bddcdccfca0c6bee663db899990396fd84465dac830cb7792960fbdd9ddde3fd98cdc2c63c09045b9c3552a5802d7338921d6324f734d426b40705f5459190ae711cf42564da552960550a184231e436496720a72055bb4a01ab52c08e665d4c8bbf5288657721cc5ca580552960de6a7e1d646ca1ac59a580e59a455335e629d2284853b74a01cb9579574b012bde8b8d7aaec77230e15ef5ea3b8dae801c92255abc959093759b8dce7c8762b4f27d7cfeeeeb7c52d6b6778e7beb47caf63b4a6c42f155913482f4252ae98b3b6c03bd636ea8582a124ac4ad225042513705c0d781df1110778300c0dcc6c75403607fca6dfa657bb7a66da9ad1afdff6bc1d10499e8c940a3fcce9a73362035226f07e80b89a009e3a68054bc4b024d4ebf8e9030242e93d343177a98099d06a449a26314652c796881542e5a2dcaed2a75ed9bcadb0008496a3805040d9212712045831e01a34c4f2516eb05700033a7df5c6c7f7ac862779e363a3d62818b54298f8019d288652a8e9dee7eb7751c47b1d74652b5bbf61d047581bb542e6e99ca3eab849b89dade6804c8017c2bcca69358a558193c145a3594bfc0ae979ff1021154e27291b00a4aa7072c56dc38a8e6cd5d246d238916ab556d685991df73c31c601a4516b7a7bb6592c145397bf44b24d02032079f64d3235647f27f00b30fa441f622bf4122237375f490b9ab1392673f72690addb754139f628f211a5f996889e5df815296bdeac28b05cc7770643f756df454b6af38d0053b1363fbe4bea4454e725f771af56e7d3bb7de3c3e77eeb051a127852c66d4a010bd0c42a556e26a0f906561a08329c1545da49f33eb3240ce49c9794810e825ae190b762fe13b97dda4072e830360f0a67245d0fc30e74a376cead703e90d6f1e7e0441854b244540b99477ecc462d99d8ab1ccc2190040a34c0b78905429dacbf89cfcd9f0186c2a4336fddf905025d26402bbc24d8f572c497e216ff2064cf0eb6a68fcfb179b7921fae3c8a65e42b014497b7861da87e784e535206e6147a273d112d3395fb542713b2a3801195076563c06f4c85815c547400deaf1bd24332adfb533c4a9beab360e3eb24a83217a97b272fd4551df237da40bb42144f7e2ebf480c5ca90659e60ee5bcad5c0a04cd12d2a61547a8a1f6a4b94cac32a3aeba908774ebf7ba8115632ff9669128876b01450269d5c72a7c6f48929f088520b651fb5419034b968d45aa7d6a83573732e36158b9a8d227a40410c2d8097835f65a50f57b9584921adf7bea1d4fb173e996f62449e5ab4ab6be3a2b6df2d29941585888bdd352a7d62e8be284e756bd5c4c510a9a1ec77140da1bb41a4b4424259b6b7a520084cd734484574392ae3ccfc697272b36e6a725a42dbd7bfc0c6b8233da4f31cc6d5731a313b8c40869ea96b5c853178372095d3d0eda1ed4fbf52b74be960a5235e252c979ac57b3e324cb1586a7508af62fa55682b081b34f17451dd829ac6af5a4c300f19f0ac2e7e7b61489ab2efe155381cd7b1268ad92808cb2ee4857c6d31143a0d280acdac031cf6f4c03971f99c0376690f75372ca8971e583aecf9ae989ca92de53c28d78b5046cce406aa4a8465146028519c820a06c695142077cbf5ac92f50b642ba24cbdbea667badda5faab5139d6fffb9f7f52010dc49a4708c1456c8db7a94870602957fa88242a104cbf8c113fb4d4315ee59f16f27cbe3de37f2db92c52c99148aac23cfd91a667b1c20b639285901e54125c25a86d16de26a20c0969112adb7815c0fd2a3b168c40ac1164f8f165934361225e97880c8bd3473276e14ee57bdcbc59d19ca793abb22755b0bf24290cfcb1a01e873caf24ac4f7e47cc387a894ef24bafc721536719dd5a7bc7db4722f25006ddaab9cdadf9432723ce56136c9c948815dd2aba55e7541b10bcf5673e0b51b1bff8e826922ce477429d55b8ec7d51352f9a99352f5a993d8b9b75d15af8f381d49db85ecfec43bc57af65b4326eb61a59afee6495c740e18dac8eccf55a33ebe5c6ae78065947f38a5ec831eeaae885efe1c8b107668782be55dfe399b91ccbac6272b7fb1ffb27fd3f3addfed96955f4a22a7a816b8baae8454884821deec405512127bbea7b5cace0fc7072f161d0914252520ce5b62a5355e16a5985abaaef71d5f7f8c156621c97295a90a6cb329c9f75fb9d934c63893c83c5a5d8ee7f87beb7bf53bf2d11948c16caefacb99a4a53b72a7af11314bd28de8b9d1f2b5ad3a2176ddc9fc950c2fcad81f944db3b6a1c1d97584facd08bd9a3a87ec5b2bbd97c4125d36f8eadb2926fd929991e7d29a94ac7e2dbcd7cd76ae8c00a8a5e9725af17cbd5283703cb0548cae026ba21204d83ee7c91051776c6c525b81adca056c9350a4a50ad1357d7f447f4aac8233be6599dafde93f01c6113a73f082225f94cb0de0a15260a311ae0b180c446454b3c7e69d8ca9789681f4e9d3a4872979a4ce03014f50193fb65b7a34e533ef6904571927c45cc1d7558f84697b8b8bf070eb3d0b1393d64b19cbc040093effe5d4cff049b16b4c0f66aa09a4a920395f4664324f4b9137da37dc26e3b87c36812928ce45d9cad84921002c1084b0a29802a370cfd864066a457916d0b2c38721203c543328c8677e8576eea008a7f17f554807d1c062826e10a2c1a7d494e54c7e0a60de47b580cca61dc6357fa13d64090ede3821de332cdfbe3ddc6ee4e6fed8a106583c6c37441942cb14d24a1107ada7151c905cd675d187bc48c7773350a5454868186a7da1da324396264fd152bddd177936f291f39f20c6d320f907e47c76dc291143ffd41b64b58f4858090686b6d6fe2207b4e30fd86334ca0512bd0274bc0acf96a08ea518cc96272565a4d1447bc1535c7fdc36eb20c4986dd9ed5213c99d9bd968d327ea20e44991ea84849a3f4e1921d50283f932aca10bc9d6c7f64ba92d2a26e98e566ed50d94078bfd0b4774e4fb17206820496ab1390ea47a23a3c1fd064cc8918cc0a342a8c223c23ea5e081144deb86dd848b75e51b13ffce8fdbf00000000ffffec59db6eda30187e152bd7559b00e3a4820403a64a5b87d8a45dbb8909964c1cd90e87becd1e60577b84bed87edb81c594d24a0536a4dce0e0e3e7ef3ff8f7ef655b481a4d06648a33a63a9eeffb3dbfe6373d645bc6baaa356c0c6a7daf7bbb6ca763a10b9117239e28095db10c29ed78bd09ea7fbdbfbf1beae1b35e229dba9beeed4d3e14cacd4cc7986ed9566835676d99e29074bc541049c48278ddcf187111e3843ee2903efd4e90e421c50c4d33821846533ca78ce26b345c51a928113c816a89248d334a124524422154e8d28e24b28d08437a23ca6ec7e0cfd99a68b6aab5e06350316cbd9726bd8820eb2b2433b9bbe44979db3023d115e3f29cdb9520411171a0fe4a8be2bcbb5e3cfd12314940dc11085972061860fb71468400e50048509d66e481f15d60a7d380fd9a8dd6065a2aa8a43cd1e000b3d6e9383b042da854ea83e1b194733f34200b3f5399d3aaabbb9cf62ec63855a897ddfc5a9fa5c21f20ab65c76bd63f6837a5d629b88c68853deb9f5468fba545898efaf55ea5b5718a457799139a77be7c77397ffab9a2738c70a6b8a0118e10016982da1b3f1472f0e911d42411773907c75e24ecc84e505b21962909157c08c2684cb9d4f6a8fdb7c2e0efc11e42baa08c9cd7655c23978673aa9eab9427563d6763faf43371807285de0a5abdfac64abe8b9dd8e1453bace9216fb2c3aab342d10edd96739271c0c1941bf35db99412dbc6bd478aa01dbb2c55f1d0217e61aaf8f6e8a4dcd8ce49b3b95b9ed9c64a89fd97ee3e8f5674f1c0f485e08da1fd9ef82aaf3293e4ca75541d7b17b6567d541998abdd49f47f075b73105487bd4db0573cd8dd16138a8dce8baddfa836fbdb1c56119bdbf22fb0b9ec14b1b92d2536d74e5d764adef664536d2c7841765acaf4d50cf925c854425e66ec640272c1ea73724630248c26644a044942b2bde99305493c24da34ea78e22e6ae8c8fde5de917da0280c68da01530eb9e2d7a76f1deefd7cfac03f0c684a855405384170788567fd2bb67f1a7f7b044e201f19042ddf244f66f05d6f56f30da6f117acb9553c85fa5ad030472e8d67f05a1334fc40ff7de04af1f9df6646a685562b818ed7b0cf3a96b1eddf3853402004d0164fc8997ed0c95f52f410239788879f201d082d8c26644c550828ab75330854d46a80c9b93ef0686d3e604836874794ee1f000000ffff0300504b0304140006000800000021009278f49ca5010000ce04000010000000776f72642f686561646572332e786d6ca494d14ec2301486ef4d7c87a5f7d0cd10d485e185a8e1ce883e40e93ad6d8f6346db7894f6f37d8404708e0cdba6c3ddff9ff737a3a79f892222899b11c5482a2618802a628a45cad12f4f1fe3cb843817544a5448062095a338b1ea6d757932ace5313f86865e34ad304e5cee918634b7326891d4a4e0d58c8dc9082c490659c325c8149f14d1885cd9b364099b53ed5235125b1688b937d1a68a67cae0c8c24ce0ec1acb024e6b3d0034fd7c4f12517dcad3d3b1cb71848506154bc1534e804d521f146d07669234ccfc581bc9bc819d04232e59a8cd830e13580b239d73b1b97d2bcc5bc95541e33514ad1eeab7434eae5eb2c9fd2839921956fc50ed8c31d2846ba0992625387babfbbaefe2546e13133db8ed4884ec329127ee76c9548c25587b9ac34fbc5f5c3f09ff3fd62a0d09d1ccdff479babcf8e55cfe419cac2713379fbd6ec5980dee82e72a2190a248de72b05862c85575445a3a03e9168eaef091d54b1bf5fd2b70485e1edfd78fc3442eda719cb4821dcde9f26e2d534cbc2ad05f35b4b2212f4a42859b26f9202c2d309f6dc7a57bd364f7f1b4d7f000000ffff0300504b0304140006000800000021001546a581a4010000ce04000010000000776f72642f666f6f746572322e786d6ca494df4e833014c6ef4d7c07d2fbad60165432f0c2a9f1cef8e701ba5246b3b6a7690bb8b7b7b0c1a618e3b61b4aa0e777beef9c9eceef3ea5086a662c0795a2681aa280290a3957ab147dbc3f4e6e50601d513911a0588a36cca2bbecf262de248533818f563669344d51e99c4e30b6b46492d8a9e4d48085c24d29480c45c129c30d981c5f8551d8bd69039459eb53dd1355138b763839a68166cae72ac048e2ec14cc0a4b62d6959e78ba268e2fb9e06ee3d961dc6320459551c94ed06410d486245b41bba58f302317bfe4dd462e80569229d765c48609af01942db9dedb3895e62d96bda4fa2f13b514fdbe4647b351bec1f27f7ab030a4f1add80347b85f8a916f83a4d8d6a1edefbeab3f8951f897995d475ac4a0e13f12bee7ec9548c2d58039ad3487c5f5c370cef97e3250e9418ee6e7d19ed57a60b5337984b230ee26efd09a3d0a301addb7926886024993e795024396c22b6aa259d09e4894f97b42074de2ef97fc354561787d1bc70f33d47f5ab08254c21dfce9225e4cb7bcb98d607e6b4d448a5e38cb995e714510cee6d873db5dedda3dfd6d947d010000ffff0300504b0304140006000800000021001546a581a4010000ce04000010000000776f72642f666f6f746572312e786d6ca494df4e833014c6ef4d7c07d2fbad60165432f0c2a9f1cef8e701ba5246b3b6a7690bb8b7b7b0c1a618e3b61b4aa0e777beef9c9eceef3ea5086a662c0795a2681aa280290a3957ab147dbc3f4e6e50601d513911a0588a36cca2bbecf262de248533818f563669344d51e99c4e30b6b46492d8a9e4d48085c24d29480c45c129c30d981c5f8551d8bd69039459eb53dd1355138b763839a68166cae72ac048e2ec14cc0a4b62d6959e78ba268e2fb9e06ee3d961dc6320459551c94ed06410d486245b41bba58f302317bfe4dd462e80569229d765c48609af01942db9dedb3895e62d96bda4fa2f13b514fdbe4647b351bec1f27f7ab030a4f1add80347b85f8a916f83a4d8d6a1edefbeab3f8951f897995d475ac4a0e13f12bee7ec9548c2d58039ad3487c5f5c370cef97e3250e9418ee6e7d19ed57a60b5337984b230ee26efd09a3d0a301addb7926886024993e795024396c22b6aa259d09e4894f97b42074de2ef97fc354561787d1bc70f33d47f5ab08254c21dfce9225e4cb7bcb98d607e6b4d448a5e38cb995e714510cee6d873db5dedda3dfd6d947d010000ffff0300504b0304140006000800000021001546a581a4010000ce04000010000000776f72642f666f6f746572332e786d6ca494df4e833014c6ef4d7c07d2fbad60165432f0c2a9f1cef8e701ba5246b3b6a7690bb8b7b7b0c1a618e3b61b4aa0e777beef9c9eceef3ea5086a662c0795a2681aa280290a3957ab147dbc3f4e6e50601d513911a0588a36cca2bbecf262de248533818f563669344d51e99c4e30b6b46492d8a9e4d48085c24d29480c45c129c30d981c5f8551d8bd69039459eb53dd1355138b763839a68166cae72ac048e2ec14cc0a4b62d6959e78ba268e2fb9e06ee3d961dc6320459551c94ed06410d486245b41bba58f302317bfe4dd462e80569229d765c48609af01942db9dedb3895e62d96bda4fa2f13b514fdbe4647b351bec1f27f7ab030a4f1add80347b85f8a916f83a4d8d6a1edefbeab3f8951f897995d475ac4a0e13f12bee7ec9548c2d58039ad3487c5f5c370cef97e3250e9418ee6e7d19ed57a60b5337984b230ee26efd09a3d0a301addb7926886024993e795024396c22b6aa259d09e4894f97b42074de2ef97fc354561787d1bc70f33d47f5ab08254c21dfce9225e4cb7bcb98d607e6b4d448a5e38cb995e714510cee6d873db5dedda3dfd6d947d010000ffff0300504b030414000600080000002100d455ba26e4040000130d000010000000776f72642f686561646572322e786d6ccc57dd6fdb36107f1fb0ff8150813df9839263c996ab54f96a61a05b82a6dd80bd14b4445b4c285121693bc95fbf2329a976dc1469bb01cb8345dee7efee7847e6f59bfb92a30d958a892af1fc01f610ad3291b36a95789f3ebeed4f3ca434a972c2454513ef812aefcdf1afbfbcdec6452e1168572aded659e2155ad7f170a8b28296440d4a9649a1c4520f32510ec572c9323adc0a990f03ec63bbaaa5c8a852e0ea8c541ba2bcc65c79684dd4b4025f4b214ba2d540c8d5b024f2765df7c17a4d345b30cef403d8c6616b4624de5a567103a8df01322ab103d47c5a0d7910c557fc3acd7391ad4b5a69eb712829070ca25205abbf84f1a3d620c4a285b4f956109b92b772dbda3f3af0d785fc921a9c4bb285527c317860ee2bc9c89d52c95d1e4c7dbf54f5a9451f7f2b98a622c64487e12510f67db6484ac2aacecc8fa56637b9d00c3f73bedf49b1ae3b3835fb396bf3eab6b3657af23b90e1d076de6e68eabb0c1cb4ee75416aeaa1328be7ab4a48b2e08068eb1f217322bd63981335dac6305ff20f8987f169349a9cc24c6948e77449d65c1b4e340dc38ba39673b5236c8d5c49fbb9d60f9c82f686f0c4bba832b2a08f2417ded0706fb29693416b5269a84300e07455ae8d107cdc9ee5adb41f8da793703c0d46ce4e2eb22b22f5e5e2c62834bb7784732a1f5a9dbf0838303348ede97caad8dd9a3abfbb660046e718166702f055168f8b8b65b0d9c4ca64533fd414b13cf13edf63f8fbacfd110cb54c406728f608e90dfc10e39efdf59088550d09b43224bf81159e6018e330158bc42bd3a8c7d349af4cc74e81a7a15b5028ce26361375cd89b26b44efe01250eb12bdc208236708620131c782dece0d2f40be89baa31b150b07b4d24396319606cf6bd8b477c6d812a5203f42784fc3919d97273e1cebc04763e8c841db335642f1d3314ac343ea041887d408a593436a88d2688f6a129186265c6b63b89f605312a4e9bd360b719b78da942f135545336daa9e78d95a6951ee90b9c8a043d3690fcf521ff76c4d60e5bb22c22a70b41d1552ad3805a52002f909ee4d71af4965eb1b99cb1e9c2f99b627ce6c6c3d0bb8e941d794b640b550ccdc6a89f70af7164203b00f6c5580debd041f80360c8369cf3f9a46b6e6106da72f62007e8b3631449b783467a065bc5bb7dd296ffc82624732aeedc676c095d85279c5d7cab6dbefd06ed09490acd1389cfaa3288c4cd8aade691615e0319c7e97cd577b1da4ccec48bc36ac982c94e06b4d679c2e758c67065f9f70b6aa6243994177af58d56fb8cd4e8b1a44b72cd7453c8aa2011ed77a5650939738980483096ca5d0f639108ffcf1ecb1cfaa9cdec7fd60ec87e3080ef0ac54a2dfa2e81742b247180784c76e6a3dc7eebb57c686c60ecabe1cbce134cb9e31d2329f9a30d983b126e0e2cf288789ba346782f34c70018f21c538689a07a014b71406d2d2cd0c9040a22619bcb8126fd0744b77b69a342f21a6fe92948c3fc4bfddad859e013ab690cc6d66966fe659ecd77038c0877d735e490609d1043ee6486e7d1c6f25a911a932c8d43d4c345b15af2100808600c2ed397253df8e5498bb3060ddf4ed86aedb9ad92e619c3fbd9b0c5d1f5f5c7ffc743ebfbc46d79767f393f717d7c608cce8ce606de45e78b7eddf7affc1dd662f117d7c36ff73fe7efef7c9d9fcf28f97207e7b1a9e04d3f6cefdb0731bef73fe75c490c5ff51fe1c1af8857f698eff010000ffff0300504b0304140006000800000021007174a574fd0100004606000011000000776f72642f656e646e6f7465732e786d6cc4554d8f9b3010bd57ea7f40be274014455b14b2da6e946a6fab6cfb03bcc6046bb1c7b24d68fe7dc780c9b644d17e1c7a013cf6bc796fc633ac6f7fcb3a3a726305a89ca4f384445c3128843ae4e4d7cfddec8644d65155d01a14cfc9895b72bbf9fa65dd665c150a1cb71142289bb59ae5a4724e67716c59c525b5732998010ba59b33903194a5603c6ec114f1224993ee4b1b60dc5a8c774fd5915a32c0c9291a68ae305609465267e7600eb1a4e6a5d13344d7d48967510b7742ec64156020278d51d940683612f22e594f6878050f335171216eefb905d648ae5c173136bc460ea06c25f459c647d1506215281daf8938ca3a9c6b75ba9cc41b25bfa5065b435b2cc519700277211945ef24eb3e0fbebee7aafe8b9826d7c40c15f1102387b750f83b666022a95023ccc752f33ab9d8119fb9df3f0c347aa4a3c5e7d01ed4cb88e51bf31dcc9255d779afa5d977014c5af7a9a29a9348b2ece1a0c0d0e71a19b5e932f237926ccec3226a3377d2b869b9a6863a30044da2c8c92cedce695ce2302af63949929bdd6a717fe74f74a62d2f6953bbe9cea337edbeafee16df7a9047e3635a4d195e6674a7a5e3d8d738dcdaac163e5d8be5b8d8379e2d6d1c9078b38edb4cf7ee3d46e0d96fa1cd1fe89ec3fcbba48e81724235dd38780a084169d2730caaa672f6ff43e845ca5744631ac20f60f3070000ffff0300504b0304140006000800000021004216862afd0100004c06000012000000776f72642f666f6f746e6f7465732e786d6cc454db6edb300c7d1fd07f30f49ed80e82a033e2145d83147d2bd2ed0354598e855aa220c9f1f2f7a3ecc8c9e620e8e5612fbe50e4e139a4c8e5dd6f59477b6eac009593749a90882b068550bb9cfcfab999dc92c83aaa0a5a83e23939704bee5637df966d560238058edb083194cd5acd725239a7b338b6ace292daa914cc8085d24d19c818ca52301eb7608a7896a449f7a50d306e2d267ca06a4f2d39c2c9311a68ae305709465267a76076b1a4e6add11344d7d48957510b7740ec64116020278d51d991d06420e443b29ed0f11522cc48c585bc7de41a5823b9725dc6d8f01a3980b295d027199f45438955a0b4bf26622febe0d7ea743eca37487e4f0fd686b6d88a13e008ee42318a3e48d67d1d7c7f4f5dfd17314dae893976c4430c1cde43e1ef9c8189a4420d309f2bcd79717124be72bf1f0d347aa0a3c5d7d09ed4db80e527f303cc92453779e7d2ec870046a3fb5251cd492459f6b45360e86b8d8cda741ef91b495667db226a3377d0786ab9a6863a30044da2c8c924ed1c35fee23a2ab6394992dbcd62f670ef3d3ad39a97b4a9ddf8e4d99b363f16f7b3ef3dc8b3f149ada60c6f3386d3d2711c6c5c6f6d560b5fafd97cf8d9369e2e6d1c9078b58cdb4cf7e13d46e0d91fa1cd3b74cfb0012fea63a09c504db7115e0246d09af42c83aeb1a0edff907a91f235d958895003bbfa030000ffff0300504b0304140006000800000021009278f49ca5010000ce04000010000000776f72642f686561646572312e786d6ca494d14ec2301486ef4d7c87a5f7d0cd10d485e185a8e1ce883e40e93ad6d8f6346db7894f6f37d8404708e0cdba6c3ddff9ff737a3a79f892222899b11c5482a2618802a628a45cad12f4f1fe3cb843817544a5448062095a338b1ea6d757932ace5313f86865e34ad304e5cee918634b7326891d4a4e0d58c8dc9082c490659c325c8149f14d1885cd9b364099b53ed5235125b1688b937d1a68a67cae0c8c24ce0ec1acb024e6b3d0034fd7c4f12517dcad3d3b1cb71848506154bc1534e804d521f146d07669234ccfc581bc9bc819d04232e59a8cd830e13580b239d73b1b97d2bcc5bc95541e33514ad1eeab7434eae5eb2c9fd2839921956fc50ed8c31d2846ba0992625387babfbbaefe2546e13133db8ed4884ec329127ee76c9548c25587b9ac34fbc5f5c3f09ff3fd62a0d09d1ccdff479babcf8e55cfe419cac2713379fbd6ec5980dee82e72a2190a248de72b05862c85575445a3a03e9168eaef091d54b1bf5fd2b70485e1edfd78fc3442eda719cb4821dcde9f26e2d534cbc2ad05f35b4b2212f4a42859b26f9202c2d309f6dc7a57bd364f7f1b4d7f000000ffff0300504b0304140006000800000021005c62b173204d0000a840010016000000646f6350726f70732f7468756d626e61696c2e656d66ec9d097c55c5f5c7ef4cc28e8a5b6b55e0b1595b230a5aebae2106488b2426c15ab5c823091ac8025910a80b2aee5a10ad5a97ba81554bb5add45a2b2e6d55dc7041ab55b1d61515fde352eb82f5fffddd79e37bef266f61fbf7efa7444fe6de993367ce9cf33b6766eebbe19920081a20ff734541101cd0c5df05418fca20286c0b8258e9a12383c004371c6c8236da7b2659c2abc3d587be7b21f0a648dbea3b0a833e97da0001c1d59382e02268d4216525b0ce569f1b676d7f88ba9c40bd097a20e7c03d34c2be522e28840a4cf74003f4b2aad1556f5b5bb84381da869aed2424e81774e3f71a38eeb9e71eaed4b62b127a531edca32c3892523f4b829b83c9f6f4b0bdd0f408a5f5b05f7cf145b02bad238ca4ef0c754f904127fdc4c2df1d7fa9a7663c0eca543a5d4c3866576342d99f5a8d1404eaefda6db094fbbdbbd8e0a06060f0d760ae7d21f8a97d39b8dcbe115c63df0e7e6157078bec07c16fed47c1efed27c19df6b3e05efb79701ff4a0fd77f028f404d74f51ff0cedcfc1fb92ddddf42d1866fa170c37b1040d2cd8dd0c2ed8cd0c29186a762ad8152a827681be0d7d8bfa9d693f3f38cb9e139c61cf0ee6d8338353ed19c16ce864e824e844e8043b3f986a2f0a9aedc541a3bd3468b0970753ec95d0d5d0b5dc2f846ea46d113cbf0ea6d95b8356fbfba0ddfe319861ef0e7e6cff82aca5c87e94719e08ceb19ab3e8f1e052fb7070a1bd9feb3f05e7dabbd0e50e786e0b4e43c6a9c83ac5de8c3e8ba09ba01ba0eba95f40fb95c8f947b00c9b3d6057629b37833fdbb7b0d35bc1ddd012eeefa0fef7f6f560b17d2df88d7d25b8d9be14dc645760df6782abed53c115e1f8d24118f834c49c3ce53155f0a51f3dc6e4c91e219f6a0acd661951e7312aaf7b7985a1bcd5e0c2cb8b62767e701a987d216cdf5098cd8657e1d8e992c4acbbb7c122da061754079fe3c7c01c6fad99690bcc8f6da139d1763127d9aee6e404cde6de91a53450007d81effe0d7d8eaf3e0f4ee7fa4ceacea5ed7c78e6d1e7a7b69bf999ed61aeb0bdccd57673b3c01e65deb3479bf7ed8fcc07d087d03fa18fa07f411fd3f6093c9fda23a11f9acfec11948743e3a8afa6fdef8cf522f858c1b82bc0ca0a70fc02d85b11d289b49d000666819b59c49be8c7e0e2c7e0e34462ed27f64330f53ef85b8d8c77e9bb8afab7e17b0b1cbf194c074f2dd054ae9ba86ba46d0a3c53ec3bd06ae83de87de843e241f44f78fe05efc7f4f994beb2a5b3efba602b151dbb9adc68ba35b835d8c53eb441d19429f3f9fa4c683a073429e3c5c87833cd723bcb3c657f6c9eb6279867a067b9fe1bf41cf5cfdb99e6053b033a1e9a0eb5436d502b6d2df07c1ed4d935410dd96f2214872640c750379eb61f81b41f81b4a3430accd120f768503b1eb9cb435a11ec0502f6c1f3fbe3f983c820c55009740834928c318afad1b48f0621a341cc689033d23e4ffbb3c108fb7470a07d32d8cf3e16ec4d46fb8e7d24d8832c361cda1d1acafdae765950447b11d9ae08de22b2cd50b2ceeef639f834be68dd9190ead97c90705e700ee37d1dcc286b6d98b5705df34a779659216104ab5fa33916cf36e1f9767b8a39c19e694eb3e799b3ed3c33d75e447eb8d45c6e2f37d7d82bcdf5f6e7e6267b95b905ba15ba8dfb3bec15e64efb337397bdd8dc6d2f34f7d8b9d0b95c9f49dda9b49d68fe00926e0335bfb50de6663bc9dc688f31d79137aeb487994becf718a7c49c65f737a7d8bdcc2c3bccb4d922d368bf895e834cdcc6cc51b6af39dcee600eb3df3063ec766634740874b0ddde1c607734fbd97e661f3bc07cd70e8176868aa061d47d87b67de139d814db91a6d48e3165b6d28c65ec2a7438125d2658cd5f749c996ac7538e03a58731e618f3033bda54db4318b7d894db03cca1c81a63bf6bbe6ff734df43fef7ed6ed0aed417d1be0b7cbb207717742d323fb44341fc6ee618f86ae03f967e53e8df6c0f647e23cc0cf439d17edf9c6a2bcc99e4d1798c7d919d682eb5c7928ba798ab6cb3b996685b4804fe8288bc113bfe12ff2cb2a741674067717f0efe38d7dc80bfae871640d770ff73ea2fa7fd12f82eb273907d8a398ffe6721e734a2f9243b0d3b37e26fcd59b4ee51908aea7ca240f9b397dd6f834681cf7b99ca4cf9f0e670751d171c6db6050ddbd9b8d9ded6981d6dade96beb4c3fa83f0889518a06503f000fc5e01d80b706b01a0e64351c040de17a67ea8a681b8a9cdde1dd8bbefb60dd03f06631d62eb57f34f3a10bed9d78650991b5c45c0c5d12d29d78fe8facc47798cbec1ff0deedd0efa1dba0df51275a4cfb816630481c040d2462064031a83fd48fbabeb4ef18d241660750bf03c8dd01b4ed4084ed684b693f1cfdaaccb741f8376d39720ea5ff18eabf0fcff7b04199f91aa8df1aea036dc1fd66d46f467b6ff87ac3df8b7ebde8df8b48ea8dacde44cce6c8ddc2fe803e479aadb0c7b6eb81a85484e48328e5e187cdb7fe5f202a7585fd1b71fe1c31f69c996e9f67eff63c31ff3cfbb7e788bdbfb1877b965cfb0c39e0afd0d3d053dc2f879ea4ed68d3953d5621d62c802c64a080ba2fccd1e6dfe647e673331e3ac6ac3113a038d713a11ada35aee800f35773b079ce949815a6d4fcdd8c34ff30a3cc2bd06b5cbf4edd4a73887993f6374d317410f7079837cc7eb4ef6d5e367bd2679879c10c456211b276314f996f9b27a1c7b97e8cba656657f328ed8f98dda1e15cef49dd5eb4ef639623ebaf21ad7b6e49f56c3e48b892fdf203a6628322615d57d8a7c2dc725cf01e2bc487ac38ff3415f62356888f59213e31e3eca7ac2e9fb2ca7cca2af189f911740c6d13e089c33fd1be0fad86de85dea66e256dafb132bd0cffdf59b99ea7ff33ac4ecb91fb18abd243ac8af799123b1b04fc18e488664133a119a0e87850d40e825a699f06629acda7a6d17c6ca6988fcc64f34fe843536f3e80de0fa9d9bc63aacc13a6126f1e86b70fc3b31578b8024f1f661ea6fe41da979a6a689c79c01c4ef903e808e848f390990ec24e063db313740ae5a920718e79d19c6e5e326782c673ccabe63cf87e02f2e682c079e66d73815905bd93a077e1fb9891f6b1cbcc414448095133cabec0eafb12737e9995f735e875aedfc0ce2ba95f49fb4a3392fb52e810ae4525f64dcab7a0b7a97f079e77b1977cb3eee84c455b3ee83c2f981f2c618e1a7143edff32ad78bedecdaee3b9524f7bb4ff9bc149a0bf1d6a6376373bc0ee0e0d8386437b50b7a7ed6fbf63fbd9bd6c5f68476807eebf41fd667667dbc7ee6ab782771beab7b5fb420742c5dc97d8ad6da9ddd28eb45bd851f08eb6bda0ee5057ee0ba080f6cff1c6276604883f08b41f8047f6c5437be1cd3df0ec6e7605abd4df58599f66957b92d5eb3156a747cd36f66156998758751e343dec52d305b2d017a0640db8fb147cfe0bacfe930cf43fdcbf0e365f317f01717799e7cd1fc965b79b67cc6de669732bf9ec3770dd424efb15485f04dd04ddc0fd2fa0eb695b08df02f2d875e659e839e845ee5f865ea36d253c6f416f27681575ab6873742df5d7d07e157c3f27af5e419f9fd1f71274b9085d2e4497f9c8bf80b12e40e30bd0763eda5e88b63f35f7c2770ffc77d1ef2e642c31d7522e846e3077a3ebbde6d7e6cf66b1b99ff93c68ee64d6f712a9f723ef61e43e4eee965f45af609b15d8e979d694e74c77a82776ed056d066d016d49ddd644d576d87c7bb2cb8ef61ff47e05bbaf343bd9556617226528196c18196a0fbbc6ec69bf30dfb1062c1480934230d005ec14828742fb6dea76a26da0fd37bb8a35c8d4f8a2758fb4d4c8c927d2b483b810ff6ec8485bd775c0ef319f325782bbabf1cdb5f87e01d970215eb91efa0598ba81d2d10b94cf41cf981bc1dd8df8f32670fa4be8575cff9afac560f1b610c72f808617f1fb4be63e2cbc14ac3f8a7fb6273e778076c43f7d13d48fb23f7531fca5181f84bf0611f383c0876820be1b688b68fb3dd8ba8df17ec7b88b197f31ba2c46c7c5e8fa3b74be0ddd7f4f1c886e87fe00dd01fd91fa25b42f83e361f35b30793358fe259add009e1782d5ebcc9f98ffbdc4c23de672e852e862ee7f4afd45b45f04df85f05f18c6c083940f410f53ff083c8fc2bb8c98789c7e4f9acbb0c795eb81a85484e48328ed44aa88e60d89289fa333959972f779ac1fcadd03c8dd8711619564d24aa2ad8aa8ac22b356117d95d6dac388c40a22b29ce81c9ba04329c750c7ba67bf47fbd3e67cb2dc79d0b958f51ce86caecf82cec4c26780b8d341e11c503707d4cd01757340e7e9a0f70cf6326b42fa1d3bd1dbd97dfed1d4818063c1643d196a0ad4c8751375cde4a7a9b44f032dd340ce5490d44c7c3682e7c9e0ed58705603be2680a1f1e0e46862e448e808ae7f40dde1e0671c18ac064bd5e0721c7d0e075f4790bf8f42d6f890d63dbfa47a371f34e8cc3bdebcbb41d1b0aef9a5eb974f720e0c4a796633c65e021a7e6e8eb0d8d2fed2d4d8df9ae3384d36d8bb78f6f017d3621fe46cb08c33c972ce24cf84e792e9e4fc76d6dc567653d3d8353591f727b3633a96b2061acf9a7ca47dd554c3530e6f196b498965776f9fe0390bbb7f7bbff996bd9bf5e276d68fdfb046dfc489f03ad69a2bd8795e4cee9f673e035dff023d1fb22b7cdfcc34ef9976b31a24fc8f69a0ace77e12bbcf1a76a371f34978a63986ddea31ec5e272027ce5a55c3c97292f9baad675d69e4e43a8d31a733f609e870aa39d09ecdce6e5e4807f1cc6a2f9e43ed6acfe4547e1a27e6d99c724f645d9bc57a3483d3e974d6bc36746c651d6c651fd16aba71df851d72213be50276cd05eca00bec49dc9f42fd1cdacf82ef5cf8e7d2ef4274b9143957986fd86b38792fe4347e1327ea5b58236f671f732ffa6837be949de6c3ec4a9799b1f671fcf2a41987dd8fb04fb1f37f9a5dff53ecea9f6277ff24767e025a666ab1670d3eaab10f50ff67daefc1fe77c27f3bfd16d3ffd744dd2276bdbfc00fd7b287ba92fdd3a521ad7b04a422da47c037cd175fec48aef9ccbea78f4ff89907d6d8bb1e1c0c2c8937d44f6ca9d76da73f4e932e89cf35d24b3e78487c0e48573b845fc37bee1f54982d43ee20d8bea0a6b0b4aa7adc2165e555b1aaf292b2e231a5557cdea8ff7af05f219f5676e353c86e94ddb9eb11740ddbba2029fc5cc86e9690f960e2531e273306679227f929e6d70a6b0ab7d76d38be662dedd3b58c5133bce7589e146d9ea26549d9e16563ca8e2c2e292b1f5b5ae57429449bc25053ddf70c75ed9632aed36d6cb06483e9e6244e08cedbc0125b36b8c4a185d3f87c57d65d7f8f7c3df4c89c605a88012f716cf9a1232a4bf78dc9eebd69e98e270ac14ad2ef8312fd6e09faa468527a78e998b2b1b191a595638bc71e527aa490d62df464cfc086e8ea8ec41e2109874979cefa73829db258bf239eb60eb5b81eed5d6c387b948cabac2a47e71ea1de3d5346e993e0bf9cb924edb76f6c5838bb8efa5c1fdc18b174618ab4210969bf0a5263ae6cecc8f2ca438babcb4a8a638b17172f5e8c6c459aa2ac77688fc250374bbda24ebfa376b83e88ad831d9646ec30b2b4647471c2ea8af8e4285b869a2f0d7e168ece4d982db0c37079b933cf2ce50d8454cced865793f2fa24e42d4eb3ebb0e1bb85b25239fdc84bd3461ebefbb03d5c66eae883a5c1ab692367ce3f83cc8260453025c8906d6d71656c44f9d8b165a59a70273f42c4ae4679a763999ec7b6876378cfb7b0774fb8a730ea82609049e6b12ea05d5400c9bbeedee7d58e38de3c94b70679e2f7f2cac7f60afbfa7e2e46d604a784f6f05c316c9cf484642bf7a6e6e54166251a2e0ce7a57974363fcd3b29a56f627e8b406c213d57042bd3e6573eb6b319a66b9b79968bc2597aa9a5559d45c09a6071384bcfd57196e91e711a6f66221a1757169754975696555597c90b9a639710a35d431de49fe4ac3b6adc27b4437fa42a5f785d4a8aab42391de3b6bfb92387d61d7dd3d7ac08decce8938e3a7d2de19bd5f8bd909e2b82be66901937827c5352865e9a9966990b736e6e6b82d5e1dcbc9ce5636381fc989aeb3beab04da8c366667598db7ddfead2432bca2b6529e5fc5ea1b53d763bca7098ef8f0c61decb281e933eb6c37c7ff3716857cfd5110d1dedba1f76ed179e2df2c3bcb3c75bc110a319f4a3f77ed8b5b8b21a6b74cd610f1f9943c2e8f27d4b91934497e7f9561a4f3e33393dd4c55b506567592a399247c8082384c80ea73393927163aac75516a3912c2cffba68f01e72fabd154c0cf5f3bdf2d1ef7e4638632d2cedf61c6f05e7f3865c213d5704f7a35f255b8751ec00957f1597c2717a46f11a2e0e35f4fdf2d1b08077141e580b0dbf11e2fbad6019ef1714d2734550600799d2aa92cab2d0862e6349c3cc76fc28d4d2f7cd47cb516859183e49cf0fb17d135af6b2cad285f41e859625eb99f39cd4357cba9c2e35798810820ac3a8957f946d14319d61bdd86ab5f19ae5638379cc62f45ad82096b041b9d5896234bde7456c50522c7d3bcffca93afbf84ac691f611c37bae09ca6daf14d955b18af23165dade55515b80e45e215edd5a22cb242538c4aee1ed2bd9c16b978f1d6e612617ac851ddcbeea2ddeff93272ea0f72dd8614ce90f4be59b74ad3aced4eb7969a8a7efadf9759ccb15693c9dcfc5bf31880179c3d065ac6e89f70b07b0e2b81f434e5f11d427daa5b732dbfaf0ed83bcc979cabb2e0fbe12e42dc8834ff378230fbe3de15b99079fe4ed18e62bff14a173bbf485af6f1e7c92b76f1e7c65f0b9774ab28f2b7973f29077307ca7e7c12779f7e5c1b73f7cf7e7c12779368c9eecf3907f0bf2e093bc9179f08d866f541e7c9237370fbe7ef0cdcb834ff26ede607ca5c4e58b79c4a5e3cb1d478e2f777c38bedcb8777cb9f1ecf872e3d4f1e5c69fe3cb8d2bc7971b2f8e2f370e1c5fd2bfa967bb55bc3f3ed84c09734a7ebb06f7cc649871cf4ca6d07b41b0cad61c57df1427dbbbf55c65fabe70983933dc817bfecef37eba662b91bd30711aff20faec33cfd3b876885a15d24bcd34a9a15ba777e394a6757a21a3ae6446a50db19af686b6fae9cd31d667b7e3d57aedcee4dad72525745c11dd09ff2064ea84ef65d6d635c4e22d2dcdb3623a11e83f49e9c2b31577e56dd6519edb5196234f237b79352d75cdb1f6a6782c945290781aa49530fbf9cb69774c44bbe69663e34df5b3e235f57ad6a3355fbb34a759f6736e7f6c3cbc6733f2364bd1ee832674ab9f545f13af4543e9edfe73cf35245f7bf5ec7674683b19c9e2f7f39e1a6f09e7acbef9cd756e64ae35cd4d6d2dcd0df19698acef64782f64d7c89d3baf429ece9d5ea399b1743d1ca6783f370d538d75939b5b1813183077f95f96f6b3d07d364c392bdf1cb17202a44363c5adef0807d2c363541aeade9d3372a1eb2e24a7a2ab09247c10eaeabc641396caa5a73b9f2d439aa2ce5ba8be716a5d4b7d734c2733774677f2b2cdd8e1f44524a54691724d736c5a7b5d4cb3d51ca5b5f36276dff50d71fa2ef2dc732917e9adcd135beaa6d74faf6ff9474c1e71fa39c9c27dba673bc6e6c050eabf91ba05bc7ebec7c55bdbe2b25e6bfdb10de410e7094593ece74a77f611ee3a5aa1b3bca53c96e4ec138ebb397f1124697edc1933868663c92eb94efa6edfbe397f63a4f38597904f6eee6b069b37c31192ab467a8e4dd7d53d53d88da735eea9d360d3d790639b620dcdadcaafce3ab24467b648ced9e5c18390237fbf49ae969c496fb6b4d537d48592d4df21de5939d9b7a3e71cbeca91267c7969d3e30d92555b17f33e73925cc46693e7b43b26a29da6d8f28e9ba7cf31c27eaeb93a9b35476c363ade74ecace39a438b09edb25deab3f98eb374f1783272e4213fcbf6d8ccd84c64098f9aa7fbafe3ca7db2e9133e89f0fd7625e2923670083ad96c95c623b427793a6ae4903b178d34b697dcd65a17da2415014efe5cf3498850cfd9990e73cd67693ce93a385bce355fa4e16f4a3d062812a7cb94dabd64d7dc79f8aa88876beb5a414b32ab0b293eceb3d9c149bb3922cd258c19d315173e4338efa45ac65b5565747f931e7bceda7745ac1d1f5a13ce5bf92dbf3c7157070be7fae460157f6130d8accd5354e7ef61c63f091dcc7bd0ab6c3e19e974467267cf6446eaf8594cd21b0e11c38c7fca3998f76956d991e34a2bcb79862d14687fe29f50655e3b9d9c92889c512df126508104f7e448592f15596e9e25bc73a3cc2b2b69f4585a6c790f2775763b806ac6d23ecbf7aa6f9a5ed7d4d6dc42ce9ae924487765063d43d7b842516ad47694ecf62b9390ac3db097cc0c6ada79c1a0b6b9258c1b49d5b3303db9ec4ace4ccd161d65baec7a3c32955dbdccbad622224539519ab99d8a32a1c6cdaea3937776449e9b7dbca5b949bdfdcca565674f7fcfe67d97cc16779172b6e1dd93148d1be2ceaad9b57359f632b45396f5b39dfa41c374b67c45ee295f97d023f24cd2a70e099799b69c7a5dc6dbdca97a29df380b26a575f482f3eca28867a7c6a7d2bd28a6b909a1fea9b93c21edb2cfd5c95c1291c90eaf0520c61d0af5198ea4bad94a5e3e321f8bc8144e26d5d7d6b9d5d3614438513ce5468c8b979790991a2f4593daeb800b6a6af6b2687aacbbdd72aa8f3a5ad5497e3f22b9b1aeb6be868370ac4ee713e9d82d9cb566eed616d93abb1d9ce402fe5a2855e7c6f699b1f8f478d3acf02ca5bcebe4a87498575d76c90ea1db22390da13a4b35d4c51c0a244316c92e699b40e7bd9d90240f7bacbf39b5b9263ed467cdce50be93ad8da03cf70a723fb9716d3e1dea1bea368c372ab5c73f83def79359d9698277b7b23a4cbaf55933d56add2bc78cfb84524b902aeb78a9d3eb75e24a3f5d79ce4bd238b5da3a8b2463d5457e096f562a237999426492c759ba84b72ebba6f0844f5b62490c64f7965ba1aad15d88f4e3b4b64f5262a7c6a15f31a58ce9573aa75d356f1ca76b973a969b6b35ef1aa75ac545552e34fa15e7fc70c5f15ad5374d6a68af6baaa98fbb9c2b2f397c3b79a9a3778c4af729c6f1cc546b8b97a9a72e9a79aefdb68b8fb3e9adf8f0bd27b6d7d6b7363687f1a168564ce7428b9bdb6548528ef292ea9b6a39ffced4c122449ba4394992992be6dcdc1645e74662943eb97abb9de6127aebdce4356a6c9e5edf584fce0ee7240bbb19a6c76e473b3bbf3f86b454bf2b47e7abc94b114d5adb5b8e058d48101edd0e239f79f93c7c7e982dfdbcea9a626188ec1beec95dbc27a325b9e748a2bde31c9d0f0b6cba0ff15d43bc39c651c5e57717fbfa044f96c8e5059f81d311d6262d11ec64e8b7436b36ed9ca49dd02e15ab25cd4d93da6bea9bb5cf48464dc7a8dec9baf71ebdbdf2d95f17d8c1fc4580b793caec6f1138c40de3af0584b807c8c30576952d63293fb6e51f93ea43ac690d773be45c96734fdd4a90a608f4d26ae26efd4bcf5925e6d9306779aef48ceab05bc25f7fc8639e47cf0e72fbcf67d2656126f57d6beb6aea5b8a1c1e14435a4fb2e729679b4911dbe889967b56eabc27195dc042ae4ceab43a1e69dd5266d45adf38b1b941b35254fb4f99b361cac9393b22a76e06bbbad638725c5cca4ad22bdde667f3f6b8d6096f1397e13c8f474db297b3c065110be851369bbdb87b9ead794b778d97dd9eee29f122a409f55e073d1a5746d20a922ba3b9785a8204c5d39712264eae6b6b2e8a09a5428bf609b97cebf0f5189252f1156f7d071dd251ee56d8c7f86b8ecc967359ff31d02abb7bbd84942446325bd9f57e095d527b6b2f99dc4166eeedf0f03ebde5033f369bbc668e7021a294676495ecdef1997459b81a7a39ec129a9a2736d4cdc2dbf290c8d9d9add3d9656e03fe86f7dc9637f5bba6e8c68e9e2544b2dc79523233cfcf9d27774286cea75eaf460eeef196faa6ba566723fdd67937f7fec1617a6fe4a566bca2586b7ce23b7190e8f2bb932644669fa1b37e19d252addf5057d7a2f3955b6da4572e643bad8e8a68c5c1bea57e627d8b7b56ec7472a7fa549b39841e653f8c20543649b56bf4edb955fc6de960fe66c3c77deed5c26164187fd7214415d27b14ab45696b5b738c87b1fa0c4e0876fb746f4717d9a97aa47faee73052824c61c4cbe4b0938691ec5e70d6ab46867cea65849f40b4c640aef7a3dff7a45acfcf3e692b37cb499159f2948527cee1074361b673fb15cdd59dc9b26be8f7bcbdb07652436552e9960b657ecfdb8b7ff72bd9bbb1b929de32adfd1d7722103a946db2ebe1b07219735336f396729f097b1f799e3e693ce9ebb3d3e832fe12364da3fa86fa363e39d3fe54f9467676e8f7b23b5adbc5f72234527c7fa9d1c4d6e686f6b678514c12b403912c47d967e8227209f214915eded466ff799efc954f9e7028782c8282bac6a90d75719eb41509eb5ab115e35afff59c2d578eed1be6c39790e9deba73f1c3bef2b8fac9cd6c2e1b623e7fc9763a75680e2ed366b6a05f01d2675c535fd7c0a288566eb6b26076dc3b9f16f0f7e7a93e8d4f6d9ec984631e5f9a6bae9395f3e9b6484af5a95f486622cbafd57ed790dda72e7a76421e1efdd2a7ca106e05c9dedb79726f7aa766ade40ae2f6d56e0fe7d0aa51b2cb74b62a8bd86a5a3bc73436a92e0e35b7dc92dcd9e82824e94992c76b0bbbd5703d528a0823407e74dab918cf9d35360bd1d688e4d458af639464ae7399b3917f7b203573d6b6d7e853655643b7babab172671767e9932296ae6b9dca6ce27a9019da43f1ece6e072447654baf5611e3253d707f7b9adf4527c38699923c479eb1a64a4221b04d44d0eb355524eae6ce5b4b935a24d5bb30ec5c2623ea76187e6bf2043e8f01ecf17cd7d43affe95dea93924dedace870bfa38b421269b68463e365c0ec98e679743de406a6ad64cbc0d10e621595fd6110abca51dc2dee06fe4531196cf39751e7b87b57903d8d96c187f512b9b8da6f73c761e63d62a0394d05b19c0f7ae89f3b2432b6f2970aa94bd94cd255d96f23b053fd38eeb96c37a7544665b4b7c627c3214ee24fdd35a213489fa5c322745640a19d2557a7a9f7a7d73ebe93c7b3c32e5593f773d21913cd5b9b5c6c55166dd0686b83b1b397a7fc2cb69ab6b6989b7d535e9f1944ee75a0dddb302b72e6aed1112bd5d33cbef13cabf0cf9e2f6f27946949090445d475fb82cb688beca62be2f6f0fe941ff074da13fe55f79b6f3bf375864e68418f67d739d8c9db64b22daea99a1b368366dfdce221d8dbc7156c79986ed537d88168717e55fa1275786732bee4be8a315d7cfa2b97568ac34fc144f3851b675bb89dca87159e67de429cb787958b4b5adbead5d0725c588cbbec28fd32f9796ce4f05fc2b0ba97e6a88c71ae333d9a08572f45c4df375fbb46c76743a6e8bb4541d79ebacad4e0fea10ebe24f78723b29a7a9b4cd8c437fde4cb7e4540ec16e49d42e5bbb3ee793dc6ba25b31f6464b79f44b4bea4dcca1deafcec75e279755f7b6c7451099fb3c770b79716dfe9ec08d348c7f4d4ff9fb027adf4256ed3c7f2bea3a7f3fddf05783f5f457bbe23c13df3ef04dce834ff2aecb83af04be0579f049de1b79f0ed09dfca3cf8242ff7fbcb26e80b5fdff0596c76bb485eeef79c4d50069f7b7722b7bcdcef439be060e49d9ea77ef7e5c1b73ff2f27b6f7f10ff0a556ebcc8bff9bdb73f887fc32cb7bcd1c8cbefbdfd41fc2babb9e5f5435e7eefed0fe25f72cd25ef019ede0cce2b8e4cf0b6cd27def2e5db0779b9e3d2e9974f5c6adc7cf84ae0cb1dbf6edc7ce257e3e6c3b7277cb9e3dc8d9b4f9c6bdc7cf8fac2973b1fb871f3c9071a371fbe32f872e70d376e3e7943e3e6c377307cb9f38b1b379ffca271f3e1db1fbedc79c88d9b4f1ed2b8f9f009cfb9f3951b379f7ca571f3e11b0d5feebce6c6cd27af69dc7cf8fac1973bffb97173e73ffd9de0db76ddf8f27b97d0ed763eb1d3c23750d9a684ff1e46c7dd4e529af6b7dacd24cbe4ced149dba1202aadb3b77c9d14edff242d5946a51dd0415a74cf27dda2bdc6af53afd9ebd4eb9a75eaf5e775eaf56ad65e3a457d66fb705ad0cf9d56bfd9560cac9ad9da56d7e87c5bf4da725507afcaf0891fe7039d3fe40b57aee6d31b59759b508aaeb6b63530f8abed0bdc95a4fa2bd7ba0d3b67e791adedc4c2e4d537127c26485eb9d66dac3e2f7552e285c9abed123d6c90bcd279453f7afad11bd2b77ef482fa4057d27420627a44ee7b26ee29c21fdfbe03fcb5cc49cf03246b3b68002499df4cdc1b4afddc73cf3d613984dfe255fd18a816ba1c7a193bd552f967649ecefd64ee6fa65c0225bfcf869b60f641faed7e52af7d5d7ab90db71a4f3a4b3f5debfb48c653b641a17b280743bb43d5500cd2cfce90e622924ff4130b7f77fc95cf37e3f8b96bccad216f075fcf38b38fa27e11435d41f94ac2267fc226ea138734f981d0a66fccf9cf7f63ce4ef8614708f774f8f13e555b67be169ab6838401fd789c6a0d1803d5421b332e7c7c16328e7edc77f40481d75bf53b43d24fd8f3f5d2dbeba79050dc5e42399789be409be2f634caf9d057256ec7a1eb4d50a6d2cf5d76e8cc978adbc3696b907120c5edc5099b5453b5e9db8336ecb707797f00b94efd2137e48aad8d895daf5f3e31f436ba5e025eee40e9294ce821ee77e1fe564ad1572586b2c58fe2cadb245b0c69eddb1d3baca2e42bf4429b4cc626ea33028a4103a14ddf9de4be3bc9db1413ad731c6c4cfc79fdf2898352fcbe0047bf4af93d26f475cabdb83f87b99d077d55e24058cf160bde264cad539f692d511c14c130121b2ca47c85b22c1107a7d03602d23e50df9ab4e99ba3febbbf39cae3697d72c0c68c3daf5f3e39a0199c4f05ef5da17e4c683feef52da8a781f5f9d0572507648b7fe5076f13a6963107683f3955f648b1c98ed844fd377d5fd686ffbe2cef93f589a38d895faf5f3e71c43755058301d7b7a04f5472ff30742bd811fd37c591df531ec5fc87a4d884cbb43de5a66f0b73df16e671b63e71b031f1e7f5cb270ecec4e7fd71f458e839a882fb07a045f8fecaaf501c8c43d76c6b8ab78930bd35d41b629a5fae33fef9c49d547a9b1c0af3b3d071f06dfa8e34f73d69ff5fbf23cdfb777d62d2fb7d63c482d72f9f987c020c6e0dee66417f80e671bf049a0f0ebf4ae7bc6cf1a878f536618a1963526bd33c1896476ca23e974133a081d0a66f88dbf40d71ff17df10e731bb3e796663c6b7d72f9f3cf32931f50fe51582692e742bd71742a7114ff3a1afca1e58b9245baef136618a19f38c3f4b7e96b0c905309f0f49f6a6efc5dbf0df8be77db23e71b431f1ebf5cb278e5e03333f851683977ae81aaeaba05bc18ee8ab1247d9624871e06dc21433c691d6eb3d99fbeb903edff336519f1268003410daf4ad80c96f05f4765d9f58d89818f4fae5130b07e1e86bf1fb8b94a3a177b91e0f9d83cfbf4a7b57e13d5b3c789b30c5acb1b0330c0743d7a5d8447d664323a003a14ddf89f8dffd9d881e4beb13ff1b33eebc7e8aff81909e9df02ecc1795947af6de85f23dff720cd7fad199553f8507f34d8c413c68e0dfbc9f18b4f07bdd7eee09fa87128fb8a8bf217eecbc3ec859b63c38eda3bb8fe7f467263c596496e6140ddfdca1e606faa98f67d7fdd99fdd7dfc68dbdf4ca43ce8ba86bf8532e1f53ca77eeec6d17d1f0cf1c6a1539edf6ecacc6e4be9bb73f57ded0b7b0e78259aeb7c5f952b47fea9fd7ec8f3ddbcc39fdbcffafbec5ea279d0ecaafbda673c566454bf60b493f708b2cd6cde739a1ebe5ef7e5fa2b7b7b9f44afb7a2cd3fdbda2e714d61abf9b518d2338eef52eaf9c2184a4d70fc01cb8bef6a5c5e5cc1cdfedc6f09a94dfef63ffaf649bd9b39958ad2a08a7700c70587b0b329e73a0695b3ba9705c5f4536b10be1fda2d51eabd4291e4f54cd409eb6ad77d77486de2e90af97e51fdab69db06bda57fbf4ef47f30a13f4546fd2b688b411a2b55fe00eea547bf443d45f8e3e73d903bd955b8df2a71ad71526548bfab21ed05653fbe0019e4a7dbf868dac652b73994c9c6c7d1266b1e0e8d818ec4aeba2fa7a7ac2b3dbdbd54ca662a6537cdcbb7cbb6dede6a8bea2a7df539a2f4e8d389ae7ae6245d2932ea5a415b0cda58f6948e8fa2c044ca67288fa7943e1eb3e77133215197c99e15b4c7a08dada374938ee75146756c49d4fd27759c830eef00949f505a1247aa8ed3a8e39fa70cebfe533a9e800ed2f17ce811e85a28aaa3da85ef4c3a1e4ddb5822e55076579544cbbe412c8c01c541ef445ff5573c30ddf0bdd4685c2ca2fe11487a1c8e02513d6ea15e7af481c64092e37f7cbe68a0a294082e85a30c8d62c148ae2bb92a860ee1fac82fe355baf818969e16529d48baaa4ed8f5a56f8bea5d0d8ff495de133ad17b27eaa4374546bd2b688b41d158d98abade90fa46c7d55c25f777d062e821487c3e46a7717d3da4b52a93bd8ea0ad8435a5325c4bdcbca583e6aff96aeed1712750a7f134ee5fa0e8b89753a771b5d6641ab79a3661641865618257e345c712df7d90c67a108a8e7523751a4bf3ce3456056d3148e344e52fa64e72257f2c42a2f27f45bde46f0965923f9536616d24f8af24028a59a5cbb06a31a32ee6bfe2f0b71b5ff6f476958d7b43b2b7eaa49fea742f2cea5ea47b7f1dd5bf9ab672f496fe3fec44ff1875f9da47e3a4cacf077b2fd2e7b7d0071043a5616f29f75da04c763b8236456749301a1b391bc80edd21e912d54773ad85349ec695afa2e3fe8c3a8d2b7b651a57721cf686877cc2a9c6156d07c927fc847b37f16a1c8df738141def66ea349ee69e69bc0ada7683ba4251f913a87b0292fc955054fe62ea245f3a66922f1d8705c3c331fc3c3a1bab16be37218dd50385a363691c5121946dace1fc35cab0608f2f6de6c7dc8e7e51db691c8db77527e3bd4abdc6a329e37815b4c5a028160650d71dea0769dc29d00a68013408819594532965872c67245b0c678c354b7bbcb1446d29fc6bf79339dea3e79b97ba6d8146ee2ca431fa40dad72a46f4b3baa105536e61600ae3e64eb385d9f3902dcceed0782aefe15cf27dce43f28ffe2a43671a5da59d9154c1cf3c782de51dd3ee6d3ff8bdfd4e0a2bf56bea7e27f5096f0a83f9e145e135bda7dedb3ebf4fa11e9f86b60b9bf995680f0aafe1f3f863ee6bd7b9e8754af16a6c51f48c247b0f818483e8f556897a8d13c5ca59d4cd81bad3b88872074af1a5ae656f71affce9b119f5f904da3adbbfcbbeb2852f154bba971d55e7eb5375caa6eb11f491aefd50f062ca619de8ba867a8d9149d70ada84b95e941a3f75ec6aee4592ad317e4e191de314ea3406cd59c788d11ecd6b03a9eb0d097b0328bb433e8e1672ad385a09298e52ed30843af58bfa35b53e3a8f8be05f0ac9af0550d4af8b68935f25770c54084575a8a5ae33bfca7e5d68939d7d99c9b79dd939756e51bd8f40a6f496fd9fa08cda5f7aaf81347626bd2b68d3b951731245c7a8a64eb235c6df28a3632ca64e63d09c758c18ed511f679bdb45f06b6ec3116ca1524863f858d3dc36a3a23765a6b9d5d2a61d4e2554025ab5c72e63aedaf9c81722e1c45fcb2f85893ad94cd7de57a976c9a6f704fa48efd1e8f62ce5919de8ada74b929b49ef6adaa47715a5d74dbaa4ea201e91c6d0582f5146c7ba833a8dc5ff19c7aaa02d06457d33903ad9b6b3f8d3faacf8eb8b60c5df90046fb698cb66b319f4ff3a72147ffb40d1f85b4dbbe24f3a7a9b4575389ab671ac916e4fab484cfa57bef47654a9fb545b66d36d02bcd24df8df158ae27f35ed6ba0547f4675939f96930762943ec6c59faf0e53e1950ec3a11150341656d3ae5890fd33d9e708da1401870615e10940e30b53b2a9fa492f95f9ea2479d249d88b4151ecada65dd893ad33e954419b9e0aca27517b787c0f488cf1ad4ec6f8987e517c476daf3162d0dae05bbe16bef7a3dc10ebcb04648d4396f05d0745f13d843ae13b1543511d640f653295b2977c15b559361cab9f7490dc1f42511c4b07e198e24b7f4575a8a0ad142a84527122d92261407d264251f9f25f3ef263c8591b5fc947f2d5e9941bc2573390753cb2e4ab2ba0a8af147fd15c14d5e16864e879c518aca2a716c5dccb671ee7f29bf7a1cace6ca9b1a5c30228aa83ec2b1d28bef45554870ada62d0dad8f20c04ca96f7536e085b9e80ac65c8d23c3e83a2f3389f3acda33b340612aea23ac8967a56a72765a320eda7847df1ca8eca2fba57e9736b67f6d4f8d2a300c6a81e8b137a5064d4a382b618b436f67c0081b2a7c6dc10f69c83aced91a579e8f3f3e83c646bd9b307e4ed19d561026ddaef95847ba1243e654f91c725e243fbfafb4c38951ed2a7a2137d3e4ae84391519f0ada62d0dad8b590b164d751941bc2ae17212b9e98c7e59dcc437f4325bbf686bc5da33ad4d2f67fbdd7f47a2be75e858ed19c2bbdd7e4a977155e887e52279f8b840b4485a58f31ddab4d31a87651677127bda4df42caa87ec5d4493f9a33dab582b618b436f81026858f79941b021f5723ebd7c812ce3fa48cc65d3975c2c7e690c7475487e368cb840fd57b5b2b97f96b6f5b9fdf64639ff3bc5f526dbe15edbd21d933b5be9afb79d02de8295fbc4119f585e6205fc8bf99e6504b9b70a21da4f2b17f825c45bdd74dba4a86d7d3977e4ee28bea26fd5626745bdd896e272774d3bc32e956415b0c5a1b9c5c805ce14476d91038917dba3061e1e4eb94519c5cca38c2896ce0e711d541b6d0e7e43f84643bf1aeadaf25a390cef2750fcaa8afa5877c9d6acfa81e15b457490ed499bf2457f2b7ec44fe1579ca8f213b9bbfbe9918fb7fb93bff20cb8aea8e8f64914107d87a4ac01fe063750d268892b2520afe0017567e6ce2a8a36cca21cec2ecc2c2eceeb8cbc2025bba52a32c552a6389d18aab46f9a189046234161a815210f387bf2a9ac4c494ae562a4822b80693949258f97cdeed33d3af7977de7b2b732b95d977f6dcdbddf77cbf7dfa74dfeebef7cd5826fd607971bd69ba7e9c46ae46f47be8cd9cdbb6d6513961e400ffc74ffe7b8ff2e3c8efd6ab391d43f4451cff5fc1be064ed6fbaea42f455bef9720cb5defbb1366e89b1276133ebf27618f0166fd6f4ed86bd0cb5d6fd7da62867ea0c17a1f99b0cf49fa4709fb450dd4fbdc84795ed2cf4437d5c7d625cc99a48f4bd8c73550ef2d09736bd2a7266cd4b2c7dab684f9a5a44f4bd8e734807d6fc2bc2fe9b9848d5af67a7f39611ec9886f5f737d6fac9dde00f6510933b45c9a8af39509fbf549bb1617fba50dd4fb0d0933f4219c3755eff313f6cd49bb6616bb89f1dcb58931167a6dc22669d9e3fcd684edef1990836b5aeb7d7603d8bf4898a16f48d84dd4fbd1847d1cf347eb3d9fb07dc627fe72ced7fcdd286286bebdc17a0766e826b19d1b1f4ebdd5eed53a47fe1ea2bfcf4296d3e7ce11c5568b7d13ba296ce76962abc576bed614f6b909db3993d8ce999ac276de62bd9db7887d2ad214b67307b19d3b88eddca1296cefdb62abc5f6fedd14b6f74eb1d5627b0f6d0adbfb97d86ab1bd8f3585ed3d446cb5d8de4b9ac2762c155b2db663ea72609fc0b8318a1c8fb8277219f21cf05c7bfe18cc16da7d029216f609dc0f8b3d83f2581b96e7a7f31edf0c0773c80518f8107a16adad78e7e1cd1cbb9773287a1db2022939ac27ed227e2bc9e691ad231b38b6ac02bd85e31277823cf1c4bd055de25e479ab87c6a71c7c96b23ee8be4f657716e1d7bbd472096fefb115affbd162df628fa112e402dfccc0bcecf8ad3470ef9d5df87cbf72eab3706f451af77d9aaf7e13ad09dff56f2bf75393c25e5efc39996dbf0bdb6657a1feecef43edc9dba45dfc5cfc2fb70773ee67db83bebde87d3dfab11dba93c6ea574718e4dc7a84ebcce73f0d78871f30bb4f71bcb45bcdec6f10b48703f38e2b56cf369f2cee21b606da27627fa7222f78a916d9c577bc874e9ce3ea8ed63bcc7b955f65c9fab736e4b71de4b5939bbaefe6ff41e349f2eceaf20e149a4d5719e226f7a646387f506beb7b61dbe578fb4179ec9074779c95b91a7e9c3709da3bc5caf85cf7fa1df8be6d3c5f5d524687b29ae17c17063c7a73b3ba3429bf2c14b4ee143b985983eac4fdf0717e3e0d61e3cdf445a3f9f6e83e7c58c5a5b8981abd117a1e5165c839b6d1fbe34cff341b9eea3ac3efd047c0e433ed783abb1710465ea7c7a09798fc0b24dc4ca751372117ca7913679bdfc199cd572b62ede0fa24e83f29fe11af9ff151cf7a3bf8ae6d315136f25418c3afeebc99b85ebf6c437f8843e98b6ff3a98bf867c1fe1d3c5e70612fab5fd45c4e7567abf7d69a6c3addda943f8524ef2f33c6f7bfd37a8efacb7befb217cbe897ea407d78f90661bd5f96e9cbcab46da9d762bfd3441de3cf24d440ce3abc4f8347962f41b13b7d0632fc517b6d176f0aad166f1bd1fb1a36fe883bcedcc2bb9b5481b4380eef2979cf721fa45aede747db66db97c1cbf9d847e7da27b043f79a43d72c6c88e9187d08fe5a78fe56d1de2d873797b3e0cff39cacbff302e7c047d2cbae47f370962d5b5eb1479ce981c731e8171f85b4e8afe95973682a71c87e1b99bf2f27c3a867e8afead1e3ced47a3e4d5f19c246ff3c816faef46e262736754979763891ce553723d96b431849f435afce731308f8983bda4c9eff918340e5ede83dff7b8b07f5faee69fdb46da236f668cdc888ef894abfe0b3f8696b7e98372bd91b25f414ec7e021707a4d0fae0f936e5dd721dabe05c9e79bd39cefc0837ef77c23b30e671e9b39fe017ce523b7dcafda08feeaa8d33031f009aed3c7afc3806b96e91ebc7f49fa5194a9e33d43de25c4ea0ec64bef3855acee80fbc58c9d7abdaaaf7ce516be8de3fc3cea619af555d7b5c16af2f4e72852779c5f3b41b929c4fa6e02e85be82b7bd4f748d2c4adabaf7676f1ef64b47552e41d1c6ca3bae3928fb6be8d6cc4c03fa177157c3e4b9a7c68825a3ee3e4b59161d63a0f52ded83b0ea95b2b0ee3d75dd83b065bcebd5f8c9473ef03e4bf807439865f4b0e93e49dd599c718353b46da9cdb0ee1638f23263cce7dd9e27c0c01a22b5dffce2172db86c86d0fc267e17e7280e35790a0ed3a6e53e46de29b60db3b2b8219627c919f5c0e45d43455477bacc87d509e7b292bcf6b91d391f7227cba78be9a847cbc2b7d3845f92be88533fcab38ba326877f930b8053fe335d206e51a3e758ebd1629e7d807b0f926d2fbf9345a7a3bf7e5bccda39df59fbed5af9126d74179eea2ac3e757efd32a49c5f1f20dfb8e8179767e3d3ad8c675733d26de31a798544db7b2ec741b9eda6acdc9c3bbf1429e7ce07c87f2be9a3e8bab89c246fe748bb3307bc2a719447b46d700c2dd79cdf04e78abe91c72b9092c74ad2e4c1a796c73879cf476ca75ef6b5abfd354869bf45da20f6dbd8b61eb9fda5fafd1465f5af73981390ef237cbafad30d24e8ab3affea9bcbe9eb1bd1d147caf80b1faec296588eab25d6cfb95e2c3eb558e3e42de543ed6aff44a4b4ffe880f6db942b7d28ff5dc8f3927dfb7369dff997fcfbf593cbb8eb573de5a49136d788654ca895e8cb1e0fda8e7394b51d7f88bc1c7904e1d3d58e1f21c1be57d78e53e43912eee8fc1f7394eef54b8c8372ab6beba5e24d9ebf9ef8bd125dae5b0e907ffb003cf399d32e46f336d7c9473fc658635de51952c664ce7335e5c69051a4ee386f8b09ca4d21fadc35ccb3d1e51ae600f977932e6e9dcfb5b38159d245687906ffe030ec3cc9f87f22464e423f0d8d5a8801e35f3ea6d5f11927af8d0c334f3a1e83e29e86d4cd9386adc7ebb1e53c499945f82cd4633527a7a4b4a847c9619cf26d64987ac8df7abc1d793ceae1787125b6acc3c790b21ec6bff5c8c78b92c32436d6f28d14bf07e9f728ac9371628cabf5abfb129e1b3b798cb6381f4380e84a37e682db0e32e5f60ec472b17f20b735483f6eaf62b6e758568d1b151f39c947f17a792a3937392862cbe166a4e470316972e0b310afa57fc6c96b23c3d47d1fe56d97eb90cf237f84f0e9aafb0409f9de49897b09e57d5e7305e3a57b60eefa547349779a16fb71b493da71c0b6d23fe113799b370cff79cacb7f1ff205e40e844f17ff4d248815fda3e43f4d5ed566ee0055bfc96dba538bee36939b2267459e6ae7d7a6e76ddae2bc2edef69227e74f21b720f7217cba389b9fcfdb4bce5394d7c7de355d3fc7bc387ca97fe5e7b9c7e16fcf87f16f70bd1f3e7f81fc03c2a78bebf524f4e39ac7873b82ee96ca237c2a2f8fe5193e8ebe9cfb75827c452e72fa0c5272da499a9cf8d4b6f938796da4f485b6a710ed6adf7b4469dfb6d1be5ceb624a3bee03b7d151cf12ab455e5d8cec264f9cef22c6c9c3089f2ebfdb574749abe33049de2cbb8133f4cc6a27f6a44ebcead7f073f4c1f07d2f5f8b2f8f4f23258fcb498b31a38ec738786da4ac7ff85abbdabf0b29ed5f419af6fbf93adfefb46c89b594afe729afaf0f201f178b8b515dbebe8d847e6388cf24663bbdb1dde997d1fe8e1111d32b380e7eea10f30f86b373c63f83db313d38ebcf7e9cabbd58c76b476ee3f52aa4e2e2fd2ac63a79478c04d7d079ccb428378600dd351edad6f3887e76fff82fd1eed35a2ebfcf7e83847e9c63acf3b995e376be0fe0b572c5f4828efb6e9e3728e77dd891f3c918fc3cfa8c1e9cf793deeffe7812bb41ee2457235fe5e5880f6320fcabd6e7720dff86b69cc7ea61f99f09ef3be1797e0ffeff3e007f9fe74ce36f9f2ff89cc1bb8eb39d365cc2bf6acc77f10eee51af381f96ff7a0cdf03cfcb7af0b7bff6f3ff16bc6f646fe8ec766ded3c9f8de79df29657708be3d0d13651ce3a0eca7f37658d9f2d5cf421f49e1efc8f266d947275e3e724798e2d95bfdda76b7762447e31b6c829e2c8e341f9cd52567ed772d187d1ef43a3bafae4734913a78edf7af21e84e1b6ce53e4933bb19cc7b03ccb989d204d1153ec5b7b604f9326b67ceab0c7c96b23b64d5ee7559c8f21bddedb7907069f83787f7f3cd6363782f3756c5d808cc27716cd67c187efe2e414443e518f92c33479d55ef6639f86ac202f7ce8b1beccdb5a5f7bee98017c971f5a9c8b2b9fdc3f139c4f21f2de8138c791139f2ede6b48d0761d6fedf8d4a98d96a3f896ef85f58fd812eb41a4c47a3f698360c5fe40f8435d62c9490cb17edc03ebe68485aaadd738796da4575d6649d7aef6ddef28ebf271d2ad4bde67caf65e8f8dc5f7dcda3dc79f61da7217f6be06e675c8a348ccc9e2de6a0c4e20f693bab69c246f07e3e426461aefacb16fad8f8d3beb23276d186bbdfc2eb61cfe0729397c863439f0a9e5304e5e1b29eb1ef1fa4b2ed6fee11428ed7f9674edf78bd7fcbe1b319bd7a5057e5d9f9927cf3eb30f914bb9ded4cf9b10fd53e7e769f2bc8b6e6266ee9c606be7ae5add4bad77f8db7ac4b13ab8861e94b37872fe14f203e43e844f573fbf9204dbb88eb3fe77ae3533d25eb8dfcbafec1f4bf96e37e5e5713ff2042aea98c3a78bc7f5248c9256c76392bc0bf19a73911dbc47b06da4bd700f342ef59ff58818f57c503fcd53567eae458caf87d17cbaf8197383b4adfce47615a2dfdad8918b6d173c63bc362d38ab87e13c4d79391f401cf3cab58bf1781ba2dd3a9f4e90676fdf3152b5adbc86e5319778b81e9143b91e91c75d48bee75e8e8953d8b045bd9f6c41aa35c9625b46dc87ffe468da30312886fe720d625f28d720f2fc06a2cda5fc156b8e83f5d5d7c0704da1bfca35851cf623fd7ce558ed1b87d5586deb55eda64f1cabcbf17ad836dd870d7de5dac17df472ed20cf72ed50b6e925d8b01d7d3f36deea3e95b37cbd1e6da85680eae848f75ceec38e37f35c237fd70e8722e5da41fec66abffe5cf55fef1af6e8eae95e1bdbc661f8546ef2d556f0342ff2071d8376738d9c5d2fd8a7f7a0515d6350b95e287d3e49f9cb615af9b8629f738ae3e0eff9b0fc9cb3ebd372bda04f9db38f62b3aeffc86f0dbef40eb8b373efdbb6e03b7da8cfd40aa63a3ecdf94d90a61893f2f07d9792c75d8987beabe3314e5e1bd10fb9fd559c8f21bdd60e5fc1e07310e3e6f1583bcc81e358740136c7d1b3683e0bed6d2c9c82e46341c9618af2e774ee32db180d7cffcb9d91ca77d1c6c6658c09e163e0baeadde2dc7a8b9ffb435faf47e4b983ccd56863ce7231bf94e71a449be1ef92e73879be671c6d5b6288a36d314eec81f19d84815a12a34d7e19d3da9e429e97ecbfa8877deffbd6c16bebeaa09dead94615a72b38c75497bf5a9cd7f9711779faf13a704e43977358fde81cd676abe330499ebddabd98ed9d9dc6c5b128fa8c6d6d3d86e1364779b939b77d35fa0e349fae36de4442bf588c7726f377ca8dbf3cee2206ac6770cee3a145fa523ef479aef3d957a2cbf9ac3ebc12e9e7439f9b6f19b99091c859ede258ed75fa2fc67220866edffbc1f7be5ece71e5e61cb71fb78d3c959ca5758db50d899b7e8a3e6cdc29a6e57e9be05c115b0e6b7a70389038a06a636c9cbc36324cdde7286ffcd88fce423f8c16231f238cf77ef1b3933bc3869176675eb3b17354d53362464e8a3e0c1f789efba1c5795dfccc90274ffdf012b46379c9d339b378eb1031cab16c3d69ce06e4dae63862253896e3cf527c7673bd7c9c0bae43cab9b331e3fd6c9472757c26c9f34de04b89189fc09e04ab18f3e5621dd4c1139881fd354559f929bf81947366f99573e6d25f13d8f08ddf87d0fa483e2507cb28ce1fc4f21e5062d99fc4e253eb8b71f2da482ffbd3a47b0fd0be634769dfd8d5befcea7c2dc718e3f4675d7d5ae48d2172cd63d3ebe52107d7002f44ca35803edd3f008fd8d7b62f44ec61ae0bafc5791d8f5d898773fc7391728e2f0fe7f8fdc6ab6af7d7559191b7387eca491fe9cf61ef47f35ca38f9cbfbf1629e7ef72b3ef6abfaeadf473b5dfb3b5d33fdc3df7bb596dd2e523bfd0da89fba669910ec4c0fe9ca5ac9c9dbf7b7fdf8340b36b0c3c9a3471ea383bb65c05c378ce151ce593fb328fa91679756dbc973c3939571e47de87949cec73f933fcb2ff4e61630b7ef3ed169f44b87fe5bd298fbb38b66e985b6873790fca758eb2727d3f62fffc53a4e4fa62d2fadd438c42ef9c1732e2c8ba8ddd685363519f064f8f15cc0ecc731765e5f949c47bc8dd48c9f31cd2faf51be3d12769f1dc558ef253727e07e3c32f82bf16f9760f6e6f24ad9f0f6d5fbf7be95f3774a6997f7f21f75ff054973c274853e4219fdf434a3e3fc371f2d17f757d629cbc36a23ff3585ac5b971df6bade6fdd4b5daabd08fc75a6d1e9c0dd872adf661f42c9acf42df7e3269aed5f2f1a8e4304df9b3f0abf7687bb8ed1fdf17b6cd157da80dcc3d26664d2f7ddc22adaeefcf9227e71df07a1bba5cb7c9790d79b65df8bee4bc5e1b1db6d5ae976d2f87e02967cc74b54b8bf33a4e73e4c9e93a70df832ed74072720d94c767c9690a1bb1a354b1aac6f4bc2f7b1ce3252617c6fa3c7e5aa4d7f19c274f9efbe0f231f41d683e5deded7aa85f7bbb56732caaded2dace91fd7d71feaaff4a9fda1ea645df1a94f334d7c8f953f0ba1c5dae8df4ed95e48959d7de13e4c51c3cfca9e6d281db783765e5e11ac4be52ae83e4e13a689472753c26c9733fd8d5c0f6ce8ceba14effd7dfc14bffc4f930fcaca3fc9cef6d423f8ce6d3d5b6119775fcc6b581c8256f1f6d2bdad5fee61ef657923688fd3676cafeae6dfd7b69b2ffce1ef69f92ecf7f7ef66e27233e35115958eaf5cdac10c6dfd868dc3bd5ca37f0f507fefe5ced34affde46423ee7e8d5c7bd83fb1d479f94c9d1fb7af05901866daf7f4ccbb5dcf33669713e86c8214fd797bb10b98a7f3d720c527275fd95dfcb4baec6aa73607b76ec6d476c86efe42bc7b23d5ba4d5719b274f6ece351c83caf58afdc8f54abf3168233d69b673b7f17bfef2d493d53860bde4282f39ea4bd36c9bf02b305d7e6b715ec7f946f2e47c32f241e40c048a5d7d6b3f095ebf0e11b3f4e73469951f7d6ae037c9abe7683368cb871fe587f9ceb93ef058ee7999bcbd5be4d5f18e383813236f47ce474adee55aa8e43d897df7e5e45eadc22b1f626a8153c4ec3071b09bebf5a96ba10f2197212537fbd828e5ea7c2a37df50dcc6eaa28a82f6425f9293be8cb60f5f0eeabbbdda06df758ffd7d0f52f273ddd3afbf97ab34d74172924f1ea3b66fb47de841b91a5b72753db40b29d743f6a9e72262d4f97282bc589fd98ef2b33c970ddc4fe6292b0ffd659b966b1d79b8d6d1761d0febd26b5dd626dd7ea06f94388eb1c834f90ecb7937d7c8f99388f79dbb91b29d5df7f48b43f74faa27bcce8dda9d3a463bcae960f9ed4bfcbe08878f20dfeec1ef8da4e5ef0b967df8126cb8f36a3f5e5c3fc68ca88ac3e088a9857ba39ca30e711ce783c6e644e2ff7718de883c8894feb58f99561713e3e46d44e498e36a7bce3caed7fe0791d2bebf734efbfde6ded3b49ffbfbfaa8fa5d328b3156d6ddf81dd60ff35c639cfd1b328ffc1229fdf016d2faf50da36b36b5a533f0eacdecc5d8b73fe8a7e0a7b63f637ae11e93fbb045fa1822973c5ddfce2272f6c2dde8a7a04bced645ccbab65b4f5efebb11c297729457f0ccb197e2b49b6be4743417db5f4fecc1e9a3a48f52ae8ed32479d518e3ef74599c27f6e216e3cba0fc6613bfdf84d7bbe0f1b21efc3e4d7a3f9fb99e765ee35882894e5c38e61dccb83c9d38bd1c43de1f5ed383d37da4db26753e331e7ed5fbc38d89c704f87f0cdec53d78d88fc796e0d1a90b5e71f4d247fac7f5a83dc1f6b30ed18e98eff2573e8f02a62bde5b9c8b6b7ce76d6dbd7721c6dc2518b44dafe9c1fb01d2b55fe7bf49f2ba7f4fcce2dc2efa6cc49a6d5c729087d872f0fe5e7238853439c8bf8ec338796d449eb9fd559c5bf75e7b4e6763d33d27fbf98f91562a2bceea742cefbae31cc73a4c237f8e1df79cbe829e456b2b9ea9f99cd63da715a4453d4a0eda5957f40dcb736957bd5a9c5b2fed973ce64993c70e327f822ef791e4b186bc7c3c2e795817ef19d56ffff1e9abb33d23723106f575b46f70343e0fa61fcf739d9cdd67fa5774acb773dfb9cfd48fb3bfd5cb75e886cee8a75edc4f96abfc42db87e25cfe1e03dde5cf16e7fdfcbc0f5effc185e59e937e2ef79c7af939c69ef077f8597eb92fe5a784dff3bc3c0696e2bc8bebf5b37b4e7f8f2ef79ce4ec9e53dedf4bce93d8a8de540ae655f988819cb7c78372fb44e2e63e94fe2cf7a1e4e63e54fefb8a4a6e33d8b89c31d3df94b8a173e46fcddbd81951abd96b756f96ab7190c7421e03712c7f8f15e007aecb1465f5b37b4a77a1cb3d2beb628c6b7f1da2fdb22e13a4c9bc9df26dfb61fc394779391c00e721b46b4e0ebbc6a3db48c8e78f258729ca57bf2f2fbe51e40cb28a43e32fe211d30bfd27d2f376b72e8a3ce4f3931e7ce648938f1ceb7c324e5e1b112fb7dfe27c0cf1da3c5dcc29443fb876b8073906b15c3eb6b867d4af2daa98ef8ef51cab85cd3a0ef389837b43fae0f93d38947b43655b4c63c3195df50d409fed553b819b49b71d229e57a473fb70c48c5a01b6cb3f2dceeb38ef254fbfb937f42fc81948e9b7fd24e4fb0425e7296c389e9d3cd2e659cae2779f63ecd2e798edc4bfc74ae4993ea87f6fa4ac5ccf44bc979f8f945cdd0fb2aeeb107d5472d5bf55acfbccc77dd69d0b4f24f55dc4b5d7066f75f8f5607c3cc7f5f25e8fe8e3cb7af0b6dff6eba3d5737367fe57e1efea99457053472c443d8c15cc0eeddf2d5ce4fd790f52faf768d2faf977b613c18ed0d5dcd6e76a3e0d8a71582d5f7d8cb90eef38ceeb33685c440cbb7ff453c4f965c9fbb9a4f58b6177e22eec705d5c45cbd59808ce79fb47ac607a601fcf52d658783ff235a4dc63f29ef16244bcba185e4f5e3c6bf3fb5739a738d68fb9ff263857c414fb6f9112fb12d2c4d67775d8e3e4b511632db7bf8a73e3a2d71cfc3dd8740e7e07faf198835b0fff2e9e73f023d0b3683e0b63fd07c0710e6e5ad4a3e4304e5e1b59aa1eabc9b74e96d1ce347235f2460cab27d18ecbcf46f3e9c872fecd8b6b12f65d09fbd284fd9206b0ef4ed86aeb7d53c26ea2def724ec31c0c4be3961af418bbf9c3e3f0200db5b2df603099bc365c73e1210b1cf41c4fe51c27e5103d8e726ecf312f633d14dc5f9ba843d93b08f4bd8c73550ef2d097b6bc23e3561a396bdbdb725ec2f25ecd312f6390d60df9bb05d2b1a6b73091bb5ecf5fe3220c6f9918cdb62bf1d31d64e6f00fb2830c5568b2d97a6e27c65c27e7dc2764d2cf64b1ba8f71b12b6da7a1f826eaadecedbf5f9cd09dbb9afd84d8ce7b7246cb5f55e9bb0395cf638bf3561ff3c61bf2a619fdd00f62f12b6da7adf90b09ba8f7a309dbbfcd26f67cc23ebe817afb377c8c35b5d8b737586fe7881780a976bfdbb9a2f3603e9def2f2ce7bc45ccdd608616db6777622bff5fb19d235b6fe7c8ea4bd1d6bba939b2eded1cd9f6be09dd547b8b697d438bdd547b3b3f177b8cbaab9d9f8bbd06bddcb1760400fa5cadcf9d9f37e57331ad6f68b19bf2b96b03b15d1ba85d1b88ddd4da409f9f87e8f367a29bf2b9eb12eb2bb65aeca67cbe2e61ce247d5cc26e6a5da2cf5d97e873d7254df97c0b58fa5a6cb5d84df9dc359198ae89d4a725eca6d644fafc3e449fcfa19bf2f9bd60595fb1d56237e573d74062ba1e53bb1e13fb74c6180e9775eee03a4c9fabf5b95c9af2b998d637b4d84df9dcb5a0d8ae05d5ae05c56e6a2da8cf5d0bea73d7824df95c4ceb1b5aeca67cee3a546cd7a16ad7a162af6920ce5d7fea73b53e5f8b6ecae7625adfd06237e5f35b13b66b6039b80616bba935b03e770daccf6f4037e57331ad6f68b19bf2f9a309dbf5b71c5c7f8bddd4fa5b9fbbfed6e7aebf9bf2b998d637b4d84df93c30432f17768bb1ca6754b8b8f61db6788ee533c563537954e76fae4e703087bc053fbd13fd1eb4b6e2bd8937736c5f356d1db202899fa753f62212c64968233e27cbedf7e2e6f3c9e0531ee7d7ca4b99436e06e7dde8cff5e0f68c94d68fdbe15c9fdbefc54dff04b7f238bf36e7f60df0f5db0f7b708b7767fb715bca6f75b8ff99700f5ff1d8f6fa83017d7230b8cf02cffafe760fdc3dcb88bb36e1fe7e0fdc8f2e23eeb6847b6d0fdc7b9711f70f13ee9ff4c0fde783c47d2ded364b47b62fac446cfff8f9027ddc9f271c72c8aad7f17e896fc7f81db583fb3999bdceea5b081b1819e29d3cc790e3effce2952f3cf3a827f8b7acf7bfe66d4faefb7bd84f4ac0f9dfc336ed60ff1ef603bf7bd977ad22eee4e7a923feedea724cee648d3c0b9ad7745c73ffda2fed8c721ff8d635878df206c9fe99ed877de76faafcaf7efd5b23d7ffec9e2b3b659e71efce03efbef6c9caf4159dd7f717c612fd1de38ac72722638820cf405622f1f33b1cac4c278ead711e636d7e6eb1384f972cd8d3d74ae47b7c6166ef69c450795e96f73cf8e93b25ec79bc21b3772cf6caf3b2bce7e107eabe278e49def342fed327bcf7b9907e04c7e791b612f1e750247c27b738d66e1c4363e1d8b68ef4fcda2766e9a3d9b16d7324f254c49f9588c7ff2b00000000ffff0300504b030414000600080000002100c3737a19ac060000a61b000015000000776f72642f7468656d652f7468656d65312e786d6cec594d6f1b4518be23f11f467b6f6327761a4775aad8b11b48d346b15bd4e37877bc3bcdecce6a669cd437d41e9190100571a012370e08a8d44a5ccaaf09144191fa1778676677bd13af49d24650417368bdb3cffbfd31efcc5ebd763f66e890084979d2f6ea976b1e2289cf039a846deff6b07f69cd4352e124c08c27a4ed4d89f4ae6dbcffde55bcae22121304f4895cc76d2f522a5d5f5a923e2c637999a7248177632e62ace051844b81c047c037664bcbb5daea528c69e2a104c7c07608342820e8d6784c7de26de4ec7b0c64244aea059f8981664e329a123638a86b849cca2e13e810b3b60792027e3424f7958718960a5eb4bd9af9f39636ae2ee1f58c88a905b425babef9cbe83282e060d9c814e1a8105aef375a57b60afe06c0d43caed7eb757bf5829f0160df074bad2e659e8dfe5abd93f32c81eccf79dedd5ab3d670f125fe2b733ab73a9d4eb395e962991a90fdd998c3afd5561b9bcb0ede802cbe39876f7436bbdd55076f4016bf3a87ef5f69ad365cbc01458c260773681dd07e3fe35e40c69c6d57c2d700be56cbe033146443915d5ac498276a51aec5f81e177d006820c38a26484d5332c63ee47117c72341b11680d7092ebdb14bbe9c5bd2b290f4054d55dbfb30c55013337eaf9e7fffeaf95374fce0d9f1839f8e1f3e3c7ef0a365e4506de3242c53bdfcf6b33f1f7f8cfe78facdcb475f54e36519ffeb0f9ffcf2f3e7d540289f993a2fbe7cf2dbb3272fbefaf4f7ef1e55c037051e95e1431a13896e9223b4cf6330cc78c5d59c8cc4f9288611a6658acd249438c15a4a05ff9e8a1cf4cd296659741c3d3ac4f5e01d01eda30a787d72cf5178108989a2159277a2d801ee72ce3a5c547a6147cb2ab9793849c26ae16252c6ed637c5825bb8b1327bebd490a7d334f4bc7f06e441c35f7184e140e494214d2eff8012115d6dda5d4f1eb2ef505977cacd05d8a3a9856ba6448474e36cd88b6690c719956d90cf1767cb37b077538abb27a8b1cba48a80acc2a941f12e6b8f13a9e281c57b11ce298951d7e03aba84ac9c154f8655c4f2a8874481847bd80485945734b80bda5a0ef60e8589561df65d3d8450a450faa78dec09c97915bfca01be138adc20e681295b11fc80348518cf6b8aa82ef72b742f433c401270bc37d871227dca77783db3474549a25887e331115b1bc4eb893bf83291b63625a0d3475a757c734f9bbc6cd28746e2be1e21a37b4ca175f3faed0fb6d6dd99bb07b55d5ccf68946bd0877b23d77b908e8dbdf9db7f024d9235010f35bd4bbe6fcae397bfff9e6bca89e2fbe25cfba3034683d8bd841db8cddf1c2a97b4c191ba8292337a419bc25ec3d411f16359d397392e2149646f0535732087070a1c0860609ae3ea22a1a443885a1bdee6926a1cc588712a55cc261d12c57f2d67818fc953d6a36f521c4760e89d52e0fecf28a5ececf1a051ba355680eb4b9a015cde0acc256ae644cc1b6d71156d74a9d595adda8669aa223ad3059bbd81ccac1e58569b0587813861a04a3107879154efd5a341c76302381f6bb8d511e1613858b0c918c30dc2998eb80a6b67b3e467513a43c57e60cd176d864d007c753bc5692d6d26cdf40da59825416d758202e8fde9b4429cfe0599480dbc9726449b93859828eda5eabb9dcf4908fd3b637867332fc8c5388bad4732466215c37f94ad8b43fb5984d95cfa2d9ca0d738ba00e571fd6ef73063b7d2015526d6119d9d430afb21460899664f55f6e825b2fca808a6e74362d56d62019fe352dc08f6e68c9784c7c550e766945fbce3e66ad944f141183283842233611fb18c2af5315ec09a884eb0ed311f403dccd696f9b576e73ce8aae7c236670761db334c259bbd5259a57b2859b8654e8609e4aea816d95ba1be3ce6f8a29f90b32a59cc6ff3353f47e02b70f2b818e800f97c302235d296d8f0b1571e8426944fdbe80c1c1f40ec816b8df85d7905470456dfe17e450ff6f6bcef230650d8748b54f432428ec472a1284ec415b32d9770ab37ab67759962c636432aaa4ae4cadda237248d850f7c055bdb77b28825437dd246b03067732ffdce7ac8246a11e72caf5e674b262efb535f04f4f3eb698c128b70f9b8126f77fa162311ecc76554b6fc8f3bdb76c887e311bb31a795580b0d256d0cacafe355538e7566b3bd69cc5cbcd5c3988e2bcc5b0580c4429dc2121fd0fec7f54f8cc7eedd01bea90ef436f45f0f1423383b481acbe64070fa41ba45d1cc1e064176d326956d6b5d9e8a4bd966fd6173ce916724f385b6b7696789fd3d9c570e68a736af1229d9d79d8f1b55d5be86a88ecc91285a5717e903181311fcaca5fb2f8e81e047a0bbe194c98922699e03b95c030430f4c1d40f15b898674e32f000000ffff0300504b0304140006000800000021008574cdc2bd0400005b0d000011000000776f72642f73657474696e67732e786d6cbc574d6fdb3810bd2fb0ffc1d0791debcb9225c429fca5dd16c9b658672f7ba325da26428a02495b717f7d87a218d73113142db02753f3661e87e4e3707cfbe199d1c1110b49783df5821bdf1be0bae415a97753efdfc76238f10652a1ba4294d778ea9db0f43edcfdfedb6d9b4bac14b8c90150d43267e5d4db2bd5e4a3912cf7982179c31b5c03b8e58221059f623762483c1d9a61c9598314d9104ad46914fa7ee2f5347cea1d449df71443464ac125df2a1d92f3ed9694b8ffb111e247e635914b5e1e18ae5537e348600a39f05aee49232d1bfb593658e2de921cdf5bc49151ebd706fe7b9efd725b2eaa97881f494f07348297584a382046cd721922f50b4d105f11bd6cf50d6cf5c8cc3dd254101ef8dde89cb9a457f18ed336a7784f36020973cc20009d052bf38fbb9a0bb4a120aa3688bd3b50d457ced9a0cd1b2c4a382490a3ef7b230dc062f876ad90c200cb0653dae9b3a41801599bef0462a0aca9672c5d4c85b7e840d523daac156fc0e98820e7d49f18cafda9d9e3ba3bffff40d9168fc3b1c1cb3d12a85458ac1b54c26c0b5e2bc1a9f5abf8df5c2d40c50236d9444874c45f043e12dc7e21a53a08dce5b1afc47a8f1abc34f9c8bb5b9e4b6de8139483638e9f61b5b8220a2e5b432a869ea75ee88f034ddc7b5374e20775e1ab31eddc5c5807155208c275ece82218bedbfc3a9d36df72ae6aae207bbdd9f60b964aaaa937ecb2b8327727037cd6dbc4e2ba3a13f51faf782ead96e622d054079d8b19ad4da501a21a31d08bb1f6d5e38157586be020c89524df94b40ee8f400caeb4ec93d1187ca284885414414afd589e20264b0265ff1acae3e1da422508f3a0dfd4206ef25000a85993f431d7d3c35b8c048cb0a6ad54f2ff7bdc93a4d1794340f44082e3ed615dcc25f9d0c24723e4e78662ab8006dae07ff80eaec31f87e912545b834e969f48cf86154acfa5bf90a99f9b1bdcf9748e087a92d1eaf91244dfb437f858461b25cb9320826e3389cbb90304956eeacc32c8e32275b14078ba0bb9e661fce2b8db2209b25ae79a245bac80a17124f627f9eb991247667309ea7f3c0b99e248d82a573779265bc2c9c489ac126b89159328edcc8221a17a92bebc9d8cf164b27026c7e5f8c2e4f6eb20ca2d5cc195324e1e20d242d56ce0cb249e2cffa57e2729e591afb6eb6d9329cc7ce1d9da7d164ee649b6749367666b09cf8abd8a983e53ccd26ce795641142f9cb7a418c7e3c8a9c4b7ef5c314f6661a72ab8bf7a13e0d6b25cb738bace9b912e850366cae802b18d2068f0a09b2028a82cdf88a739a92dbec1d004e2ef91f56163c1e1d00092214a0b78752dd03d0e2caf886ce0f5ec68e90312bb336fef219c5678603fbd70e98e028b3f053f3466b656a0c694383b5d10c73d1fa9d53d61d62e0f9bb58daaa191f90e3ad4d5e7a3d084a3f3f6b4b982feb77b2aee51bdb3f71bcbe16aa15da12252b1d63d327e404d03cd05b86c76c1d4a364b757812eef0abe2ae895bb8fcd2eecb1b0c3e04b63dd072af5cac0bb1f68073304af7e70b645d6169d6dd0091abff86c1b5bdbf86c4bac0d7a75e823e03d12d0863dc1a36b87dabee594f216577f59e3d4bb32994de89aa0ffb92beaca87a32b7a954b9b57b82420c7f5896dce4ddf1f26714aa45ae306fa43c5052cb96b243a0c2e8bfd5774f70d0000ffff0300504b03041400060008000000210017a0164e02010000ac01000014000000776f72642f77656253657474696e67732e786d6c8cd0c14a03311006e0bbe03b2cb9b7d99522b274b72052f12282fa006976761bcc64c24c6aac4f6fdaaa205e7acb24998f997fb9fa405fbd038ba3d0a9665eab0a82a5c185a953af2febd98daa249930184f013ab50751abfef26299db0c9b6748a9fc94aa28415ab49ddaa6145badc56e018dcc2942288f23319a544a9e341a7edbc599258c26b98df32eedf5555d5fab6f86cf51681c9d853bb23b84908efd9ac11791826c5d941f2d9fa365e22132591029fba03f79685cf8659ac53f089d65121ad3bc2ca34f13e90355da9bfa7842af2ab4edc31488cdc6970473b3507d898f6272e83e614d7ccb9405581fae8df7949f1eef4ba1ff64dc7f010000ffff0300504b0304140006000800000021002a869c2f38090000794500001a000000776f72642f7374796c657357697468456666656374732e786d6cec5bdb72db36107def4cff81c37747173b72e289d271ecb8f14cd23a91dd3e432464614c122c2fbee46ffa2dfdb12e16244491a2b8109987cef4c9e2057bf67a1692b1ef7e790e03e79127a990d1dc9dbc1abb0e8f3ce98be87eeededd5e1dbd719d346391cf0219f1b9fbc253f797f73ffff4eee92ccd5e029e3a20204acf9e626feeaeb32c3e1b8d526fcd4396be0a8597c854aeb2579e0c4772b5121e1f3dc9c41f4dc793317e8a13e9f13405b40b163db2d42dc4854d6932e61160ad6412b22c7d2593fb51c892873c3e02e931cbc45204227b01d9e3592946cedd3c89ce0a858e8c426ac99956a8f853ae481a56ecc0d52b2fa597873cca107194f000749051ba16f1c68c43a58189eb52a5c77d463c8641f9de533c3969e019932931b84cd813846223b0216e87337cbd280cb41f547c3751ad4b9c8cf71953444489303a5054d8c62c350999888c98c35c53752ed4439ffcfe3591796cd489453f69d7d18391a5cad242b3f10c2baf6a5a6a25a051ba8b358bb9eb84ded9f57d2413b60c40a3a7c989a332d27d0f54e14bef92af581e64a9ba4c6e92e2b2b8c23f5732ca52e7e98ca59e10b7402120251420f0d379940a179e709666e7a9603b1faed55b3b9f78695691f641f8c21d29c4f43bc87c64c1dc9d4ecb3b174a83ad7b018beecb7b3c3dfa7851d564eef2e8e86ea16e2d41eedc65c9d1e25c091ba199e5df8ab9f196f17085aac4cc83ca03316c9571202160312534102abad35360347df12d57ce6579260b1014006055b17059f338701330d54233363ce5abcfd27be0fe2283077317b1e0e6ddf54d226402343a77dfbe55987073c143f149f83e570da2b87717ad85cfff5cf3e82ee5fee6fed72ba4e742a227f32803f567a7980541ea7f7cf678ac681244474c45f837b500380cc251c1418572b1d146dfa8a1e2cdbf4ac8898ee14e943567aaa539a8ff5e20b43aef0d345516550d40b956ba1ef71771d25fc4ebfe223079fbf9e2b4bf16b091e91b119d1b95aca40735939e4ebeaa1f8edfee4959b5a291459d2b1a49d3b9a291239d2b1a29d1b9a291019d2b1a01ef5cd1886fe78a4638f7aef01812573d8b8ed11ba4c2be1559007db283e9263da9ae6835ce0d4bd87dc2e2b5a31a6b5ded7d64b9c897194d55a4d3c3c9729125526d373b3c02dd5995eec19cfc318cd72c156937504fd7dfaaad8ff36b2260fbda61d36b9d7c0d9b7063b2b385dd04cce36b19f83c716ef9b38ea8c5fadfa4b3d0bb8c4ee57a86f5b3b85f670eec0a55cbed049bb538bddd135afe6791a20ff676f3598b295dc249319cb5e465bbf02fdc177958ba86b01b99693eb708730d0255dcefa21315a26675755aa102403141b70b7b13503e417fdd5cece5ab1853f4d7ade840f904fd75e33a503ee6c7fef85a33cd25fcace290caebd4ba762f642093551e9435d0490fa7d6156c2068265817b1914f228953eb0adea24fe7dcf3e09b1b254fad63b1e1510b14eb7068142c36ba2dd641a9d1dec4c222eb00d5b0a61658fdb8d602c89a74bff147a17e04b66d06c8d266afd959cec72d1e801644da437fcd65d6bd879eb6701e15e53a829f4b52eed0d08e5b2a8f8a56e493ee771631eed7f82c80fa75400ba07eadd002a8253fdaf73ca627d241fa37470b2c6b5a365d0cd38ecccca7d6cc6c80ec5ac0407d93b0ff6aa9def65c68f64d028a75809a7d9380621d9d5a2f337d93803558df2460b5748df6185539d5c628ebbe5905323b018245c39037016818f226000d43de04a0fee4dd0d321c7913b0acb9c1706a95bc0940f88acd577d0354256f0290353768b62b7e332afb1e4ad9ffe57600f226a05807a849de0414ebe8b49137010b5fb1c9841a96a13a02d630e44d001a86bc0940c39037016818f226000d43de04a0fee4dd0d321c7913b0acb9c1706a95bc0940d6f46080aae44d00c2576cb861277963d5ff70f226a05807a849de0414ebe8d408d56c520958d601aa6119f22660e12b36c950606172db18350c79132c1a86bc0940c39037016818f22600f527ef6e90e1c89b8065cd0d8653abe44d00b2a6070354256f02903537ec246f2cc61f4ede0414eb0035c99b80621d9d1aa11a9e23605907a88665c89b8085f9d29bbc0940f8caa14036160d43de048b86216f02d030e44d00ea4fdedd20c3913701cb9a1b0ca756c99b00644d0f06a84ade04206b6ed849de58233f9cbc0928d6016a923701c53a3a354235e44dc0b20e500dcb501d016b18f226006162f6266f0210be72001056914d9886216f8245c3903701a83f7977830c47de042c6b6e309c5a256f0290353d18a02a791380acb9419db385f3a2e4e3a9939624a09e33284f359001a72d41a20216067ee32b9ec05421ef3e1dd213b0b4d002b1253da8267e90f2c1a11dec3e6e49103294580642e291ee173ca5531944383edd334970fbfb85f3490fc034d6614a6d9fbc81e9a1eab8108e27a9c121d0337b896164272e4f962b693020a4e6ba8a11209c09bd8681a062ac472d56733ef0220e5515b7f1ffb6052a7c06445cd884f2d680e5c144d41ea8ab1c0ec8719fc749c256324ee0a35a50876e39178faa6c86324a458bf3f19b5d947e6feb94e65ecd3375167c8fd6eaac3883e13635fc5457557bc9c1e3e43aae4d05613c0b55ead21082b60cf490197cb88e7cb0f0a998cfd2e1f49f991605cf2f78107c61389296c9b8fdd580af32fd7432c61e5813b5945926c3f6f5091e11474d76098084a82aa32f9511ed9912e5e19227c581f396a45c88288043cb6c87c3f579d79664a0faba5d3b930da64030fe9e8cbc9cf98997074da530fc7a9a00f55a3218b5fb5d4dce6129a18022815af48621037c02d3dd2aecb86c3cbe7a3bbb9a5eea276de387f86fd562f8f0c45cec1e3eb4cbb00f30dc0be3e62ae57586a1566a02bc988df93e77f5cf5c30ac508e267aead4f066ec11084ae7df416b4d6e1eb4baccdc83160b1851f5f9a73216b656ebe57f1cb65c1751d5fdffe572dfea41a6a83e461e5bf2efcc978d125713a0d015765552b52941ce3f94fedd48bb60c5ca761edefe5ab3abec3ecccee15c2a3e29ca0e584117025b9698eab0b7ee76b184b1ec93e9eb623419de2ddfc11454ad055f79f37a7ca2a4aaf816f2d2fa34b1a96018c6ed2ae77612db6ac65e9e02c32fd4c6a0defbb7fd566f6e9ba78e716b8dda5a3a3aba6e7780b45bdba3536340138a76637727d88d501b8d7b1135e97a25e164b25d826da4194fb49bf07f829932dff65b3dc1e0a9e37327fee76f15a7de49b601eb9f6465baa5efff050000ffff0300504b030414000600080000002100953fc1f6b7080000884200000f000000776f72642f7374796c65732e786d6cec5bcd72db3812be6fd5be038b774796ecd813d728538e136f5c9599f144f6cc1922210b1592e092541ce76de659f6c5b6d120218a14c56e91396cd59e2cfea0bf06faebaf2119fdf32fdfe2c8fb2ab35ce964ee4f5f9dfa9e4c021daae469ee3f3edc9efce47b79219250443a9173ff45e6fe2f6ffff98f9f9faff2e22592b9070692fc2a0ee6feba28d2abc9240fd63216f92b9dca041eae74168b022eb3a7492cb22f9bf424d0712a0ab554912a5e26b3d3d30bbf349351ace8d54a05f2bd0e36b14c0a1c3fc96404167592af559a57d69e29d69e7516a6990e649ec3a4e3c8da8b854a9c99e979cb50ac824ce77a55bc82c94cac4713630a864f4ff1531cf95e1c5cdd3d253a13cb0816ef797aeebf85950b75f05eaec4262a727399dd67e56579857f6e7552e4def395c803a51e6049c140acc0d6c7eb24573e3c91222fae7325f63e5c9bb7f63e09f2a266ed9d0a953f3188f977b0f95544737f36abeedc180f76ee452279aaeec9fce4c34ddd93b92f9393c785b9b504bb735f64278b6b636c82d3acfed6a69bee4c1eaed0955404100c30235685045200478cd148190ece2e812ff6e2f3c6acabd814ba0441030056370b978d1507ae00731696c0f054ae3ee9e08b0c17053c98fb8805371fefee33a53320e9dc7ff3c660c2cd858cd5471586d2e44b79ef3159ab50feb596c9632ec3edfd3f6e91fca5c5406f9202dcbfb844164479f8e15b2053435b309d0813e1dfcc00200e84a386830e6dd4d61b7ba3818a37ff5d414e6d0cf7a2aca53019eea1ff078170d69bc1403333a3fa04d02ecbd7b3e126ce879b783ddc049277d85a5c0ef702747d68442c376aaca407b5d081255f7d1dcede1ca0ac19d16251ef8816697a47b438d23ba24589de112d06f48e6805bc77442bbebd235ae13c382210285c4d169de16a9012fb41159134e30f0ad074a0d495a5c6bb179978ca44baf64c616dba7d482c179b65417315e5f478b15c14994e9e7a5704aab349dda335f9439cae45aef27ea0814bff60763ddebf3215f642bdb6e46bcd0937267b4bd87d2402b9d6512833ef417eb311658cff4d7b0bbbcbe8756e60583fa9a775e12dd658727bc12e3a16bd7b25acfd4f2ac73538984c171d53e9334e8ae145072fbb8dff2a43b589aba521ec462eac9e33c2dc8040170f2fd1b909513bbb7a6761024099822d17fc29a07d82ffb6b8f0ed9b1853fcb7a5e848fb04ff6de13ad23ef2e3707cd94af31ebeb47aa4f4ba64e7ee8d8e74b6da44550ef4cac3253b831d046d0aec2476f6492271c9cee01df9f4ae8300beb95178ca8ec556471928ec7058144c36fa5cd84169c8de94312376801a583306d630ad6500b145f7b3fcaacc6f62dc62802aedf69abde97cd6b1025082487be83f36bae8df43cf3a348f8a7297c0cf25b9f46868671d9947452bf964eb1d23c6c30a1f0368580564000d2b850ca00e7e74ef795c4da4830c2f8e0c2cb62cbb2a86b4232bf3255b991d10af048c543709fbaf8eecede642bb6e1250d8016ad74d020a3b3a8d5ae6ea26016bb4ba49c0eaa81add31aa6b2a6752ecba5907723b01c28cc6116f02d038e24d001a47bc0940c3c5bb1f643cf12660b1b5c1696a5dbc0940f80ae7abbe03aa8b370188ad0d56edcadf8caaba87560e7fb91d41bc0928ec00b5c59b80c28e4e977813b0f0150e131a584eea0858e3883701681cf126008d23de04a071c49b00348e781380868b773fc878e24dc0626b83d3d4ba781380d8f2e080eae24d00c25738dab057bc31eb7fb8781350d8016a8b3701851d9d86a0ba4d2a018b1da00696136f0216bec221438985e4e64c6a1cf126cc681cf126008d23de04a071c49b00345cbcfb41c6136f02165b1b9ca6d6c59b00c496070754176f02105b1bf68a3726e30f176f020a3b406df126a0b0a3d31054a773042c76801a584ebc0958c897c1e24d00c2578e05e2cc681cf126cc681cf126008d23de04a0e1e2dd0f329e7813b0d8dae034b52ede0420b63c38a0ba781380d8dab057bc31477eb8781350d8016a8b3701851d9d86a03af12660b103d4c0725247c01a47bc094048ccc1e24d00c2578e00c22ce284691cf126cc681cf126000d17ef7e90f1c49b80c5d606a7a975f12600b1e5c101d5c59b00c4d60673ce16ce8b928fa74e3b48403d67509d6a2003ce3a8244052c27f859ae64064d56b2ff74c840c06a860cc40e7a50a7f84eeb2f1eed60f7590741c8506a19298d47ba5ff0944ead11e1ecf24027c1c3ef37de47db00d31a8794da3d7903dd43f576216c4f328d43e067f19242cb4e5a9d2c37d6a041c8f475952d40d82277070d41655b8f196cfa7ce0456caa2a6fe3ff6d4b54f80c8838b00d15ac012b808ea80350b71b3820274399669958e934838f664013bae35c3cbab26dcaa81c2dcfc76f7751f6bd9d539a073d2fcc59f0035e9bb3e2029adb4cf353d355bb4a1e1e27b7716d3b08ed59e8529f8710b465649bcce0c35d12c20ca14d10ff6f66c3197e13d6143cbf9151f4abc096b442a7ddaf467255d8a7d353ac810d534b5d143aee1e9fe11171f4649f012044dd197b6926d1cd9464132f65063d5e07d67ca192080e2d8b3d0b6ecfbb769081bad6ddde3936b804c1f8073a093622cc824dd4760ac36fbb09d0afa58056bbdf4de71ca6121a2809d4e1373419e01368763561c761a7a7b76f2e6e67efed93aef643a447d97c78ee2ef6371ff218f60e5a46a1fbd650de320cbd329da8656fccf7b96f7fe6826685aa353130a786b76d8f2050967f478d75dc3c6a74c5dca3062b68510de5c72a16dc59dbe17f1e37dc26517df9ff97d37da706b9a4fa90046229bf8b50b752dc74804255d89749f5a2049cff52adefd6da8d284776ebf0eed79a7d69f7eee21acea5e29332ed40156c22886585690e7bdb6a97ea1c3261f6ba6c4d8677ab77908246e6f0959f5e9f9e1bab26bea5bdbcd94dec32189a71fbd2b95bc4768a71b0c941e1176663d0acfdbbebd62c6edba79e5bd686b47554745cbafd01b2cbda1d9d8602ba50744f763fc1ee95d9683ca9a42dd72b0d27937904db5a732bd13d85ff13cca5f9eeba3509064fbd507ae97ffe36711a4cb22dd870925574cbdffe170000ffff0300504b030414000600080000002100b39486834f0100007c02000011000801646f6350726f70732f636f72652e786d6c20a2040128a00001000000000000000000000000000000000000000000000000000000000000000000000000000000000000000000000000000000000000000000000000000000000000000000000000000000000000000000000000000000000000000000000000000000000000000000000000000000000000000000000000000000000000000000000000000000000000000000000000000000000000000000000000000000000000000000000000000000000000000000000000000000000000000000000000000000000000000000000000000000000000000000000000000000000000000000000000000000000000000000000000000000000000000000000000000000008c92514fc3201485df4dfc0f0def2da55d8c92b64bd4ecc9252676d1f846e06e23b64080addbbf97b673eba20f3e5ecee1bbe75e28e687b689f6609dd4aa44244951048a6b21d5a644ab7a11dfa3c879a6046bb482121dc1a179757b537043b9b6f06ab501eb25b8289094a3dc9468ebbda1183bbe8596b924385410d7dab6cc87d26eb061fc8b6d0067697a875bf04c30cf700f8ccd99884e48c1cf48b3b3cd00101c43032d28ef304908be783dd8d6fd79615026ce56faa309339de24ed9828fe2d97d70f26cecba2ee9f22146c84ff0c7f2e56d183596aadf1507541582536e81796dab95db312b75812767fdfe1ae6fc32ac7a2d413c1e2fb6df52efb6b097fd2b55242ff0b40ead86c9c67e20a290958e93fd28eff9d373bd405596923c26599c3ed46946494ed3f4b38f7575bfcf3e1eb4a770ff20125293199d916be20fa01a125fff97ea1b0000ffff0300504b0304140006000800000021007f264947f4010000ad05000012000000776f72642f666f6e745461626c652e786d6c9c93db6ee2301086ef57da77887c5fe284b44ba3868a658bd41b56aaba0f608c43acfa10790c59de7e274e48574208d244ca61c6fe3df3e99fa7e7bf5a4507e1405a5390644249240cb75b697605f9f3beba9b91083c335ba6ac1105390a20cff3efdf9e9abcb4c64384fb0de49a17a4f2becee3187825348389ad85c164699d661e7fdd2ed6cc7deceb3b6e75cdbcdc4825fd314e297d20bd8cbb45c596a5e4e297e57b2d8c0ffb6327142a5a0395ace1a4d6dca2d658b7ad9de502007bd6aad3d34c9a4126c9ce84b4e4ce822dfd049b89bb8ae2560ab727347c694522cdf3d79db18e6d14b26b928ccc7b7051931ba631b8644a6e9c0c899a190b22c1dc81a982d094aee83d3edb3ba3d3f649e2568157cc81f0c342da854ba6a53a9ea2d048802e514bcfab53fcc09c6c0bea52207798d8c38616e485e295ae56a48b2405c930b0580e91148beaaea45f331d22e81c2c2ce88425c963d0c108eaf4bb429d71679d3312ef520b88d6a289deac66e60291943e20897be4d192998e22e2826e20388248ba18fac74e96d8ca8f5936edfbff24f2789d48a7733b91c55bf4f3f77afdfa7281c589eaf01ee10eb6f776943966e194f43f73f4c72ece50042ba0a52e9b83d260a0db512c99c629611740b466e84cd19a63dc987ccd14e76342b3c1269fa6b84ee2fa98f4f302f37f000000ffff0300504b03041400060008000000210077f88ed2f7010000f303000010000801646f6350726f70732f6170702e786d6c20a2040128a00001000000000000000000000000000000000000000000000000000000000000000000000000000000000000000000000000000000000000000000000000000000000000000000000000000000000000000000000000000000000000000000000000000000000000000000000000000000000000000000000000000000000000000000000000000000000000000000000000000000000000000000000000000000000000000000000000000000000000000000000000000000000000000000000000000000000000000000000000000000000000000000000000000000000000000000000000000000000000000000000000000000000000000000000000000000009c53416edb3010bc17e81f04dd6dc981dbd806cda07050f8d03606ac24e72db5b2895024416edcb87fea2bfab12ead5a91db9eaad3eeec62349a1d899b97d664070c513bbbcc27e332cfd02a576bbb5be6f7d5c7d12ccf2281adc1388bcbfc8831bf916fdf884d701e03698c1953d8b8ccf7447e511451edb18538e6b1e549e3420bc46dd815ae69b4c25ba79e5bb4545c95e5fb025f086d8df5c8f78479c7b838d0ff92d64e257df1a13a7a162c4585ad374028bf2439665c3b6a45d1a3a27204a6d22dcad9ec1d0ffa566c60875132d615e2d1853acad9bc1445578ad51e0228620fe5745e323e00c407ef8d56406caffcac5570d13594dd9d8cc8128128862b82cdd9a27a0e9a8e92a986adf8a42d4b9932dc55ac2dc02e80df47399924857d2bb60a0caed803d98089288a5740ac11d27d37a059b238d0e2808a5cc8a2fece17becab3af103139b7cc0f1034586207d35ad79c6ae3230559fdfc41cfc68982a71d722a878bc35a4f25cbe45d2e2e1713d8a9e0c1a5be4a93c178d7f0d7d13fe44e86724f1a3ab1033983b27fc71fac2bd77ab047b9c66f0689461b504f908e731e24f39fe2bdafdc6d8ad16f532fc141121e35edb71e548acef5f57c9889c1486c393a58f391cf84af8058f30182496fe53cd91dd6e79dbf0729650fdd3f2c27d371c9cf2956678ca3d1ff5cf217000000ffff0300504b01022d001400060008000000210018ff7bc3d1010000ca0900001300000000000000000000000000000000005b436f6e74656e745f54797065735d2e786d6c504b01022d00140006000800000021004b2045b802010000de0200000b000000000000000000000000000a0400005f72656c732f2e72656c73504b01022d0014000600080000002100b3e1618a77010000c60700001c000000000000000000000000003d070000776f72642f5f72656c732f646f63756d656e742e786d6c2e72656c73504b01022d0014000600080000002100c3fdb8636c1d00000a1f01001100000000000000000000000000f6090000776f72642f646f63756d656e742e786d6c504b01022d00140006000800000021009278f49ca5010000ce040000100000000000000000000000000091270000776f72642f686561646572332e786d6c504b01022d00140006000800000021001546a581a4010000ce040000100000000000000000000000000064290000776f72642f666f6f746572322e786d6c504b01022d00140006000800000021001546a581a4010000ce0400001000000000000000000000000000362b0000776f72642f666f6f746572312e786d6c504b01022d00140006000800000021001546a581a4010000ce0400001000000000000000000000000000082d0000776f72642f666f6f746572332e786d6c504b01022d0014000600080000002100d455ba26e4040000130d00001000000000000000000000000000da2e0000776f72642f686561646572322e786d6c504b01022d00140006000800000021007174a574fd010000460600001100000000000000000000000000ec330000776f72642f656e646e6f7465732e786d6c504b01022d00140006000800000021004216862afd0100004c060000120000000000000000000000000018360000776f72642f666f6f746e6f7465732e786d6c504b01022d00140006000800000021009278f49ca5010000ce040000100000000000000000000000000045380000776f72642f686561646572312e786d6c504b01022d00140006000800000021005c62b173204d0000a84001001600000000000000000000000000183a0000646f6350726f70732f7468756d626e61696c2e656d66504b01022d0014000600080000002100c3737a19ac060000a61b000015000000000000000000000000006c870000776f72642f7468656d652f7468656d65312e786d6c504b01022d00140006000800000021008574cdc2bd0400005b0d000011000000000000000000000000004b8e0000776f72642f73657474696e67732e786d6c504b01022d001400060008000000210017a0164e02010000ac010000140000000000000000000000000037930000776f72642f77656253657474696e67732e786d6c504b01022d00140006000800000021002a869c2f38090000794500001a000000000000000000000000006b940000776f72642f7374796c657357697468456666656374732e786d6c504b01022d0014000600080000002100953fc1f6b7080000884200000f00000000000000000000000000db9d0000776f72642f7374796c65732e786d6c504b01022d0014000600080000002100b39486834f0100007c0200001100000000000000000000000000bfa60000646f6350726f70732f636f72652e786d6c504b01022d00140006000800000021007f264947f4010000ad050000120000000000000000000000000045a90000776f72642f666f6e745461626c652e786d6c504b01022d001400060008000000210077f88ed2f7010000f3030000100000000000000000000000000069ab0000646f6350726f70732f6170702e786d6c504b050600000000150015004005000096ae00000000','nada','46060','CIVILIZACION201410031214191.docx','application/vnd.openxmlformats-officedocument.wordprocessingml.document');


--
-- Creating index for 'bitacora'
--

ALTER TABLE ONLY  bitacora  ADD CONSTRAINT  bitacora_pkey  PRIMARY KEY  (id_bitacora);

--
-- Estrutura de la tabla  'categorias'
--

DROP TABLE categorias CASCADE;
CREATE TABLE categorias (
id_categoria int4 NOT NULL,
nombre_categoria text,
codigo_categoria text,
estado text
);

--
-- Creating data for 'categorias'
--

INSERT INTO categorias VALUES ('1','Administrador','ADM','1');


--
-- Creating index for 'categorias'
--

ALTER TABLE ONLY  categorias  ADD CONSTRAINT  categorias_pkey  PRIMARY KEY  (id_categoria);

--
-- Estrutura de la tabla 'ciudad'
--

DROP TABLE ciudad CASCADE;
CREATE TABLE ciudad (
id_ciudad int4 NOT NULL,
nombre_ciudad text,
id_provincia int4
);

--
-- Creating data for 'ciudad'
--

INSERT INTO ciudad VALUES ('1','Otavalo','1');
INSERT INTO ciudad VALUES ('2','Ibarra','1');


--
-- Creating index for 'ciudad'
--

ALTER TABLE ONLY  ciudad  ADD CONSTRAINT  ciudad_pkey  PRIMARY KEY  (id_ciudad);

--
-- Estrutura de la tabla 'clave'
--

DROP TABLE clave CASCADE;
CREATE TABLE clave (
id_clave int4 NOT NULL,
clave text,
usuario int4
);

--
-- Creating data for 'clave'
--

INSERT INTO clave VALUES ('2','MTIz','2');
INSERT INTO clave VALUES ('1','MTIz','1');
INSERT INTO clave VALUES ('3','MTIz','3');


--
-- Creating index for 'clave'
--

ALTER TABLE ONLY  clave  ADD CONSTRAINT  clave_pkey  PRIMARY KEY  (id_clave);

--
-- Estrutura de la tabla 'departamento'
--

DROP TABLE departamento CASCADE;
CREATE TABLE departamento (
id_departamento int4 NOT NULL,
codigo_departamento text,
nombre_departamento text,
estado text
);

--
-- Creating data for 'departamento'
--

INSERT INTO departamento VALUES ('1','ADM','Administrador','Activo');
INSERT INTO departamento VALUES ('2','2','CORDINACION','Activo');
INSERT INTO departamento VALUES ('3','3','SISTEMAS','Activo');


--
-- Creating index for 'departamento'
--

ALTER TABLE ONLY  departamento  ADD CONSTRAINT  departamento_pkey  PRIMARY KEY  (id_departamento);

--
-- Estrutura de la tabla 'medio_recepcion'
--

DROP TABLE medio_recepcion CASCADE;
CREATE TABLE medio_recepcion (
id_medio int4 NOT NULL,
codigo_medio text,
nombre_medio text,
estado text
);

--
-- Creating data for 'medio_recepcion'
--

INSERT INTO medio_recepcion VALUES ('1','1','IMPRESO','Activo');
INSERT INTO medio_recepcion VALUES ('2','2','DIGITAL','Activo');


--
-- Creating index for 'medio_recepcion'
--

ALTER TABLE ONLY  medio_recepcion  ADD CONSTRAINT  medio_recepcion_pkey  PRIMARY KEY  (id_medio);

--
-- Estrutura de la tabla 'metas'
--

DROP TABLE metas CASCADE;
CREATE TABLE metas (
id_meta int4 NOT NULL,
nombre_meta text,
descripcion_meta text,
id_archivo int4
);

--
-- Creating data for 'metas'
--

INSERT INTO metas VALUES ('1','nombre','CIVILIZACION201410031214191.docx','1');
INSERT INTO metas VALUES ('2','tipo','application/vnd.openxmlformats-officedocument.wordprocessingml.document','1');
INSERT INTO metas VALUES ('3','peso','46060','1');


--
-- Creating index for 'metas'
--

ALTER TABLE ONLY  metas  ADD CONSTRAINT  metas_pkey  PRIMARY KEY  (id_meta);

--
-- Estrutura de la tabla 'pais'
--

DROP TABLE pais CASCADE;
CREATE TABLE pais (
id_pais int4 NOT NULL,
nombre_pais text
);

--
-- Creating data for 'pais'
--

INSERT INTO pais VALUES ('1','Ecuador');
INSERT INTO pais VALUES ('2','Colombia');
INSERT INTO pais VALUES ('3','Peru');


--
-- Creating index for 'pais'
--

ALTER TABLE ONLY  pais  ADD CONSTRAINT  pais_pkey  PRIMARY KEY  (id_pais);

--
-- Estrutura de la tabla 'provincias'
--

DROP TABLE provincias CASCADE;
CREATE TABLE provincias (
id_provincia int4 NOT NULL,
nombre_provincia text,
id_pais int4
);

--
-- Creating data for 'provincias'
--

INSERT INTO provincias VALUES ('1','Imbabura','1');
INSERT INTO provincias VALUES ('2','Pichincha','1');


--
-- Creating index for 'provincias'
--

ALTER TABLE ONLY  provincias  ADD CONSTRAINT  provincias_pkey  PRIMARY KEY  (id_provincia);

--
-- Estrutura de la tabla 'recibidos'
--

DROP TABLE recibidos CASCADE;
CREATE TABLE recibidos (
id_recibido int4 NOT NULL,
id_archivo int4,
id_usuarios int4,
estado text,
leido int4
);

--
-- Creating data for 'recibidos'
--

INSERT INTO recibidos VALUES ('2','1','1','Enviado','1');
INSERT INTO recibidos VALUES ('1','1','3','Enviado','0');


--
-- Creating index for 'recibidos'
--

ALTER TABLE ONLY  recibidos  ADD CONSTRAINT  recibidos_pkey  PRIMARY KEY  (id_recibido);

--
-- Estrutura de la tabla 'tipo_documento'
--

DROP TABLE tipo_documento CASCADE;
CREATE TABLE tipo_documento (
id_tipo_documento int4 NOT NULL,
codigo_doc text,
nombre_doc text,
estado_doc text
);

--
-- Creating data for 'tipo_documento'
--

INSERT INTO tipo_documento VALUES ('2','DOC','DOCUMENTO','Activo');
INSERT INTO tipo_documento VALUES ('1','CAR','CARTA','Activo');
INSERT INTO tipo_documento VALUES ('3','ARC','ARCHIVO','Activo');


--
-- Creating index for 'tipo_documento'
--

ALTER TABLE ONLY  tipo_documento  ADD CONSTRAINT  tipo_documento_pkey  PRIMARY KEY  (id_tipo_documento);

--
-- Estrutura de la tabla 'tbl_audit'
--

DROP TABLE tbl_audit CASCADE;
CREATE SEQUENCE tbl_audit_pk_audit_seq
    START WITH 1200
    INCREMENT BY 1
    NO MINVALUE
    NO MAXVALUE
    CACHE 1;
CREATE TABLE tbl_audit (
pk_audit int4 NOT NULL DEFAULT nextval('tbl_audit_pk_audit_seq'::regclass) ,
nombre_tabla text NOT NULL,
operacion character(1) NOT NULL,
valor_anterior text,
valor_nuevo text,
fecha_cambio timestamp NOT NULL,
usuario text NOT NULL
);

--
-- Creating data for 'tbl_audit'
--

INSERT INTO tbl_audit VALUES ('907','usuario','U','(1,Wi,"Willy Narvaez",Otavalo,1,062922992,091212121,w_narvaez@hotamil.com,1,willy,2014-06-06,Uniandes,1,1)','(1,Wi,"Willy Narvaez",Otavalo,1,062922992,091212121,w_narvaez@hotamil.com,1,willy,2014-06-07,Uniandes,1,1)','2014-06-07 13:53:32.44024','postgres');
INSERT INTO tbl_audit VALUES ('908','usuario','U','(1,Wi,"Willy Narvaez",Otavalo,1,062922992,091212121,w_narvaez@hotamil.com,1,willy,2014-06-07,Uniandes,1,1)','(1,Wi,"Willy Narvaez",Otavalo,1,062922992,091212121,w_narvaez@hotamil.com,1,willy,2014-06-09,Uniandes,1,1)','2014-06-09 09:43:58.062961','postgres');
INSERT INTO tbl_audit VALUES ('909','archivo','I',NULL,'(1,wqe,b-2014-06-09-sql-1-1,2,1,0)','2014-06-09 09:55:05.359964','postgres');
INSERT INTO tbl_audit VALUES ('910','bitacora','I',NULL,'(1,1,"2014-06-09 09:55:05","",1,1,"",22997,base201406090955051.sql,application/sql)','2014-06-09 09:55:05.412492','postgres');
INSERT INTO tbl_audit VALUES ('911','metas','I',NULL,'(1,nombre,base201406090955051.sql,1)','2014-06-09 09:55:05.466787','postgres');
INSERT INTO tbl_audit VALUES ('912','metas','I',NULL,'(2,tipo,application/sql,1)','2014-06-09 09:55:05.489752','postgres');
INSERT INTO tbl_audit VALUES ('913','metas','I',NULL,'(3,peso,22997,1)','2014-06-09 09:55:05.511074','postgres');
INSERT INTO tbl_audit VALUES ('914','recibidos','I',NULL,'(1,1,1,Enviado,1)','2014-06-09 09:55:05.534076','postgres');
INSERT INTO tbl_audit VALUES ('915','usuario','U','(1,Wi,"Willy Narvaez",Otavalo,1,062922992,091212121,w_narvaez@hotamil.com,1,willy,2014-06-09,Uniandes,1,1)','(1,Wi,"Willy Narvaez",Otavalo,1,062922992,091212121,w_narvaez@hotamil.com,1,willy,2014-06-09,Uniandes,1,1)','2014-06-09 10:08:18.681756','postgres');
INSERT INTO tbl_audit VALUES ('916','usuario','U','(1,Wi,"Willy Narvaez",Otavalo,1,062922992,091212121,w_narvaez@hotamil.com,1,willy,2014-06-09,Uniandes,1,1)','(1,Wi,"Willy Narvaez",Otavalo,1,062922992,091212121,w_narvaez@hotamil.com,1,willy,2014-06-09,Uniandes,1,1)','2014-06-09 10:23:28.642648','postgres');
INSERT INTO tbl_audit VALUES ('917','archivo','I',NULL,'(2,qwe,H-2014-06-09-pdf-2-2,2,1,0)','2014-06-09 10:38:32.866093','postgres');
INSERT INTO tbl_audit VALUES ('918','archivo','I',NULL,'(3,QWE,H-2014-06-09-pdf-3-2,2,1,0)','2014-06-09 10:40:01.585089','postgres');
INSERT INTO tbl_audit VALUES ('919','archivo','I',NULL,'(4,WER,H-2014-06-09-pdf-4-2,2,1,0)','2014-06-09 10:44:43.169164','postgres');
INSERT INTO tbl_audit VALUES ('920','usuario','U','(1,Wi,"Willy Narvaez",Otavalo,1,062922992,091212121,w_narvaez@hotamil.com,1,willy,2014-06-09,Uniandes,1,1)','(1,Wi,"Willy Narvaez",Otavalo,1,062922992,091212121,w_narvaez@hotamil.com,1,willy,2014-06-09,Uniandes,1,1)','2014-06-09 10:47:34.483489','postgres');
INSERT INTO tbl_audit VALUES ('921','archivo','I',NULL,'(5,qwe,H-2014-06-09-pdf-5-2,2,1,0)','2014-06-09 10:52:40.58147','postgres');
INSERT INTO tbl_audit VALUES ('922','archivo','I',NULL,'(6,qwe,H-2014-06-09-pdf-6-2,2,1,0)','2014-06-09 10:53:42.067089','postgres');
INSERT INTO tbl_audit VALUES ('923','bitacora','I',NULL,'(2,6,"2014-06-09 10:53:41","",1,1,"",43293854,"HTML5 Y CSS3201406091053416.pdf",application/pdf)','2014-06-09 10:53:45.908345','postgres');
INSERT INTO tbl_audit VALUES ('924','metas','I',NULL,'(4,nombre,"HTML5 Y CSS3201406091053416.pdf",6)','2014-06-09 10:53:54.460771','postgres');
INSERT INTO tbl_audit VALUES ('925','metas','I',NULL,'(5,tipo,application/pdf,6)','2014-06-09 10:53:54.594416','postgres');
INSERT INTO tbl_audit VALUES ('926','metas','I',NULL,'(6,peso,43293854,6)','2014-06-09 10:53:54.704929','postgres');
INSERT INTO tbl_audit VALUES ('927','recibidos','I',NULL,'(2,6,1,Enviado,1)','2014-06-09 10:53:54.727882','postgres');
INSERT INTO tbl_audit VALUES ('928','archivo','I',NULL,'(7,qwe,C-2014-06-09-rar-7-3,2,1,0)','2014-06-09 10:57:45.722749','postgres');
INSERT INTO tbl_audit VALUES ('929','archivo','I',NULL,'(8,qwe,C-2014-06-09-rar-8-3,2,1,0)','2014-06-09 11:20:00.711822','postgres');
INSERT INTO tbl_audit VALUES ('930','bitacora','I',NULL,'(3,8,"2014-06-09 11:19:58","",1,1,"",243845945,"Curso Php avanzado201406091119588.rar",application/x-rar)','2014-06-09 11:20:29.172994','postgres');
INSERT INTO tbl_audit VALUES ('931','metas','I',NULL,'(7,nombre,"Curso Php avanzado201406091119588.rar",8)','2014-06-09 11:23:14.672268','postgres');
INSERT INTO tbl_audit VALUES ('932','metas','I',NULL,'(8,tipo,application/x-rar,8)','2014-06-09 11:23:15.230008','postgres');
INSERT INTO tbl_audit VALUES ('933','metas','I',NULL,'(9,peso,243845945,8)','2014-06-09 11:23:15.396797','postgres');
INSERT INTO tbl_audit VALUES ('934','recibidos','I',NULL,'(3,8,1,Enviado,1)','2014-06-09 11:23:16.495726','postgres');
INSERT INTO tbl_audit VALUES ('935','archivo','D','(1,wqe,b-2014-06-09-sql-1-1,2,1,0)',NULL,'2014-06-09 12:07:51.022134','postgres');
INSERT INTO tbl_audit VALUES ('936','archivo','D','(2,qwe,H-2014-06-09-pdf-2-2,2,1,0)',NULL,'2014-06-09 12:07:51.022134','postgres');
INSERT INTO tbl_audit VALUES ('937','archivo','D','(3,QWE,H-2014-06-09-pdf-3-2,2,1,0)',NULL,'2014-06-09 12:07:51.022134','postgres');
INSERT INTO tbl_audit VALUES ('938','archivo','D','(4,WER,H-2014-06-09-pdf-4-2,2,1,0)',NULL,'2014-06-09 12:07:51.022134','postgres');
INSERT INTO tbl_audit VALUES ('939','archivo','D','(5,qwe,H-2014-06-09-pdf-5-2,2,1,0)',NULL,'2014-06-09 12:07:51.022134','postgres');
INSERT INTO tbl_audit VALUES ('940','archivo','D','(6,qwe,H-2014-06-09-pdf-6-2,2,1,0)',NULL,'2014-06-09 12:07:51.022134','postgres');
INSERT INTO tbl_audit VALUES ('941','archivo','D','(7,qwe,C-2014-06-09-rar-7-3,2,1,0)',NULL,'2014-06-09 12:07:51.022134','postgres');
INSERT INTO tbl_audit VALUES ('942','archivo','D','(8,qwe,C-2014-06-09-rar-8-3,2,1,0)',NULL,'2014-06-09 12:07:51.022134','postgres');
INSERT INTO tbl_audit VALUES ('943','bitacora','D','(1,1,"2014-06-09 09:55:05","",1,1,"",22997,base201406090955051.sql,application/sql)',NULL,'2014-06-09 12:07:51.022134','postgres');
INSERT INTO tbl_audit VALUES ('944','recibidos','D','(1,1,1,Enviado,1)',NULL,'2014-06-09 12:07:51.022134','postgres');
INSERT INTO tbl_audit VALUES ('945','metas','D','(1,nombre,base201406090955051.sql,1)',NULL,'2014-06-09 12:07:51.022134','postgres');
INSERT INTO tbl_audit VALUES ('946','metas','D','(2,tipo,application/sql,1)',NULL,'2014-06-09 12:07:51.022134','postgres');
INSERT INTO tbl_audit VALUES ('947','metas','D','(3,peso,22997,1)',NULL,'2014-06-09 12:07:51.022134','postgres');
INSERT INTO tbl_audit VALUES ('948','bitacora','D','(2,6,"2014-06-09 10:53:41","",1,1,"",43293854,"HTML5 Y CSS3201406091053416.pdf",application/pdf)',NULL,'2014-06-09 12:07:51.022134','postgres');
INSERT INTO tbl_audit VALUES ('949','recibidos','D','(2,6,1,Enviado,1)',NULL,'2014-06-09 12:07:51.022134','postgres');
INSERT INTO tbl_audit VALUES ('950','metas','D','(4,nombre,"HTML5 Y CSS3201406091053416.pdf",6)',NULL,'2014-06-09 12:07:51.022134','postgres');
INSERT INTO tbl_audit VALUES ('951','metas','D','(5,tipo,application/pdf,6)',NULL,'2014-06-09 12:07:51.022134','postgres');
INSERT INTO tbl_audit VALUES ('952','metas','D','(6,peso,43293854,6)',NULL,'2014-06-09 12:07:51.022134','postgres');
INSERT INTO tbl_audit VALUES ('953','bitacora','D','(3,8,"2014-06-09 11:19:58","",1,1,"",243845945,"Curso Php avanzado201406091119588.rar",application/x-rar)',NULL,'2014-06-09 12:07:51.022134','postgres');
INSERT INTO tbl_audit VALUES ('954','recibidos','D','(3,8,1,Enviado,1)',NULL,'2014-06-09 12:07:51.022134','postgres');
INSERT INTO tbl_audit VALUES ('955','metas','D','(7,nombre,"Curso Php avanzado201406091119588.rar",8)',NULL,'2014-06-09 12:07:51.022134','postgres');
INSERT INTO tbl_audit VALUES ('956','metas','D','(8,tipo,application/x-rar,8)',NULL,'2014-06-09 12:07:51.022134','postgres');
INSERT INTO tbl_audit VALUES ('957','metas','D','(9,peso,243845945,8)',NULL,'2014-06-09 12:07:51.022134','postgres');
INSERT INTO tbl_audit VALUES ('958','usuario','U','(1,Wi,"Willy Narvaez",Otavalo,1,062922992,091212121,w_narvaez@hotamil.com,1,willy,2014-06-09,Uniandes,1,1)','(1,Wi,"Willy Narvaez",Otavalo,1,062922992,091212121,w_narvaez@hotamil.com,1,willy,2014-06-11,Uniandes,1,1)','2014-06-11 12:09:06.366727','postgres');
INSERT INTO tbl_audit VALUES ('959','tipo_usuario','I',NULL,'(2,DOCENTE)','2014-06-11 12:10:08.334165','postgres');
INSERT INTO tbl_audit VALUES ('960','usuario','I',NULL,'(2,l112,"lUIS pERES",Ibarra,1,"","",w_nar@f.fcom,2,luis,"",Uniandes,1,1)','2014-06-11 12:10:38.265276','postgres');
INSERT INTO tbl_audit VALUES ('961','clave','I',NULL,'(2,MTIz,2)','2014-06-11 12:10:38.289594','postgres');
INSERT INTO tbl_audit VALUES ('962','accesos','I',NULL,'(10,2,1,p)','2014-06-11 12:10:38.355066','postgres');
INSERT INTO tbl_audit VALUES ('963','accesos','I',NULL,'(11,2,2,p)','2014-06-11 12:10:38.378991','postgres');
INSERT INTO tbl_audit VALUES ('964','accesos','I',NULL,'(12,2,3,p)','2014-06-11 12:10:38.401008','postgres');
INSERT INTO tbl_audit VALUES ('965','accesos','I',NULL,'(13,2,4,a)','2014-06-11 12:10:38.423198','postgres');
INSERT INTO tbl_audit VALUES ('966','accesos','I',NULL,'(14,2,5,a)','2014-06-11 12:10:38.445594','postgres');
INSERT INTO tbl_audit VALUES ('967','accesos','I',NULL,'(15,2,6,a)','2014-06-11 12:10:38.468104','postgres');
INSERT INTO tbl_audit VALUES ('968','accesos','I',NULL,'(16,2,7,p)','2014-06-11 12:10:38.489852','postgres');
INSERT INTO tbl_audit VALUES ('969','accesos','I',NULL,'(17,2,8,p)','2014-06-11 12:10:38.512002','postgres');
INSERT INTO tbl_audit VALUES ('970','accesos','I',NULL,'(18,2,9,p)','2014-06-11 12:10:38.545591','postgres');
INSERT INTO tbl_audit VALUES ('971','usuario','U','(2,l112,"lUIS pERES",Ibarra,1,"","",w_nar@f.fcom,2,luis,"",Uniandes,1,1)','(2,l112,"lUIS pERES",Ibarra,1,"","",w_nar@f.fcom,2,luis,2014-06-11,Uniandes,1,1)','2014-06-11 12:10:49.067889','postgres');
INSERT INTO tbl_audit VALUES ('1157','accesos','U','(9,1,9,)','(9,1,9,a)','2014-10-03 10:36:19.197','postgres');
INSERT INTO tbl_audit VALUES ('972','usuario','U','(1,Wi,"Willy Narvaez",Otavalo,1,062922992,091212121,w_narvaez@hotamil.com,1,willy,2014-06-11,Uniandes,1,1)','(1,Wi,"Willy Narvaez",Otavalo,1,062922992,091212121,w_narvaez@hotamil.com,1,willy,2014-06-11,Uniandes,1,1)','2014-06-11 12:40:59.965689','postgres');
INSERT INTO tbl_audit VALUES ('973','usuario','U','(2,l112,"lUIS pERES",Ibarra,1,"","",w_nar@f.fcom,2,luis,2014-06-11,Uniandes,1,1)','(2,l112,"lUIS pERES",Ibarra,1,"","",w_nar@f.fcom,2,luis,2014-06-11,Uniandes,1,1)','2014-06-11 12:48:30.97983','postgres');
INSERT INTO tbl_audit VALUES ('974','usuario','U','(1,Wi,"Willy Narvaez",Otavalo,1,062922992,091212121,w_narvaez@hotamil.com,1,willy,2014-06-11,Uniandes,1,1)','(1,Wi,"Willy Narvaez",Otavalo,1,062922992,091212121,w_narvaez@hotamil.com,1,willy,2014-06-11,Uniandes,1,1)','2014-06-11 12:52:57.125612','postgres');
INSERT INTO tbl_audit VALUES ('975','accesos','U','(1,1,1,a)','(1,1,1,p)','2014-06-11 12:58:52.927459','postgres');
INSERT INTO tbl_audit VALUES ('976','accesos','U','(2,1,2,a)','(2,1,2,p)','2014-06-11 12:58:52.95027','postgres');
INSERT INTO tbl_audit VALUES ('977','accesos','U','(3,1,3,a)','(3,1,3,a)','2014-06-11 12:58:52.972117','postgres');
INSERT INTO tbl_audit VALUES ('978','accesos','U','(4,1,4,a)','(4,1,4,p)','2014-06-11 12:58:52.994429','postgres');
INSERT INTO tbl_audit VALUES ('979','accesos','U','(5,1,5,a)','(5,1,5,p)','2014-06-11 12:58:53.016717','postgres');
INSERT INTO tbl_audit VALUES ('980','accesos','U','(6,1,6,a)','(6,1,6,p)','2014-06-11 12:58:53.038832','postgres');
INSERT INTO tbl_audit VALUES ('981','accesos','U','(7,1,7,a)','(7,1,7,p)','2014-06-11 12:58:53.061145','postgres');
INSERT INTO tbl_audit VALUES ('982','accesos','U','(8,1,8,a)','(8,1,8,p)','2014-06-11 12:58:53.083224','postgres');
INSERT INTO tbl_audit VALUES ('983','accesos','U','(9,1,9,a)','(9,1,9,p)','2014-06-11 12:58:53.105445','postgres');
INSERT INTO tbl_audit VALUES ('984','accesos','U','(1,1,1,p)','(1,1,1,a)','2014-06-11 12:59:10.505683','postgres');
INSERT INTO tbl_audit VALUES ('985','accesos','U','(2,1,2,p)','(2,1,2,a)','2014-06-11 12:59:10.528083','postgres');
INSERT INTO tbl_audit VALUES ('986','accesos','U','(3,1,3,a)','(3,1,3,a)','2014-06-11 12:59:10.55004','postgres');
INSERT INTO tbl_audit VALUES ('987','accesos','U','(4,1,4,p)','(4,1,4,a)','2014-06-11 12:59:10.572153','postgres');
INSERT INTO tbl_audit VALUES ('988','accesos','U','(5,1,5,p)','(5,1,5,a)','2014-06-11 12:59:10.594609','postgres');
INSERT INTO tbl_audit VALUES ('989','accesos','U','(6,1,6,p)','(6,1,6,a)','2014-06-11 12:59:10.616893','postgres');
INSERT INTO tbl_audit VALUES ('990','accesos','U','(7,1,7,p)','(7,1,7,a)','2014-06-11 12:59:10.63913','postgres');
INSERT INTO tbl_audit VALUES ('991','accesos','U','(8,1,8,p)','(8,1,8,a)','2014-06-11 12:59:10.662391','postgres');
INSERT INTO tbl_audit VALUES ('992','accesos','U','(9,1,9,p)','(9,1,9,a)','2014-06-11 12:59:10.683801','postgres');
INSERT INTO tbl_audit VALUES ('993','usuario','U','(1,Wi,"Willy Narvaez",Otavalo,1,062922992,091212121,w_narvaez@hotamil.com,1,willy,2014-06-11,Uniandes,1,1)','(1,Wi,"Willy Narvaez",Otavalo,1,062922992,091212121,w_narvaez@hotamil.com,1,willy,2014-07-14,Uniandes,1,1)','2014-07-14 17:19:16.911186','postgres');
INSERT INTO tbl_audit VALUES ('994','usuario','U','(1,Wi,"Willy Narvaez",Otavalo,1,062922992,091212121,w_narvaez@hotamil.com,1,willy,2014-07-14,Uniandes,1,1)','(1,Wi,"Willy Narvaez",Otavalo,1,062922992,091212121,w_narvaez@hotamil.com,1,willy,2014-07-14,Uniandes,1,1)','2014-07-14 17:20:47.334132','postgres');
INSERT INTO tbl_audit VALUES ('995','archivo','I',NULL,'(1,23423,S-2014-07-14-txt-1-1,2,1,0)','2014-07-14 17:22:05.640592','postgres');
INSERT INTO tbl_audit VALUES ('996','bitacora','I',NULL,'(1,1,"2014-07-14 17:22:05",wer,1,1,wer,344,SimpleGrammarES1201407141722051.txt,text/plain)','2014-07-14 17:22:05.689958','postgres');
INSERT INTO tbl_audit VALUES ('997','metas','I',NULL,'(1,nombre,SimpleGrammarES1201407141722051.txt,1)','2014-07-14 17:22:05.734828','postgres');
INSERT INTO tbl_audit VALUES ('998','metas','I',NULL,'(2,tipo,text/plain,1)','2014-07-14 17:22:05.779335','postgres');
INSERT INTO tbl_audit VALUES ('999','metas','I',NULL,'(3,peso,344,1)','2014-07-14 17:22:05.801587','postgres');
INSERT INTO tbl_audit VALUES ('1000','recibidos','I',NULL,'(1,1,1,Enviado,1)','2014-07-14 17:22:05.825814','postgres');
INSERT INTO tbl_audit VALUES ('1001','recibidos','I',NULL,'(2,1,2,Enviado,1)','2014-07-14 17:22:05.845893','postgres');
INSERT INTO tbl_audit VALUES ('1002','recibidos','U','(1,1,1,Enviado,1)','(1,1,1,Enviado,0)','2014-07-14 17:22:23.834972','postgres');
INSERT INTO tbl_audit VALUES ('1003','archivo','U','(1,23423,S-2014-07-14-txt-1-1,2,1,0)','(1,23423,S-2014-07-14-txt-1-1,2,1,0)','2014-07-14 17:24:21.384096','postgres');
INSERT INTO tbl_audit VALUES ('1004','bitacora','I',NULL,'(2,1,"2014-07-14 17:24:21",wer,1,1,wer,233,SimpleGrammarES2201407141724211.txt,text/plain)','2014-07-14 17:24:21.414905','postgres');
INSERT INTO tbl_audit VALUES ('1005','recibidos','U','(2,1,2,Enviado,1)','(2,1,2,Enviado,1)','2014-07-14 17:24:21.438066','postgres');
INSERT INTO tbl_audit VALUES ('1006','recibidos','U','(1,1,1,Enviado,0)','(1,1,1,Enviado,1)','2014-07-14 17:24:21.459004','postgres');
INSERT INTO tbl_audit VALUES ('1007','usuario','U','(2,l112,"lUIS pERES",Ibarra,1,"","",w_nar@f.fcom,2,luis,2014-06-11,Uniandes,1,1)','(2,l112,"lUIS pERES",Ibarra,1,"","",w_nar@f.fcom,2,luis,2014-07-14,Uniandes,1,1)','2014-07-14 17:25:30.403154','postgres');
INSERT INTO tbl_audit VALUES ('1008','usuario','U','(1,Wi,"Willy Narvaez",Otavalo,1,062922992,091212121,w_narvaez@hotamil.com,1,willy,2014-07-14,Uniandes,1,1)','(1,Wi,"Willy Narvaez",Otavalo,1,062922992,091212121,w_narvaez@hotamil.com,1,willy,2014-07-14,Uniandes,1,1)','2014-07-14 17:25:53.458946','postgres');
INSERT INTO tbl_audit VALUES ('1009','accesos','U','(1,1,1,a)','(1,1,1,a)','2014-07-14 17:26:42.625544','postgres');
INSERT INTO tbl_audit VALUES ('1010','accesos','U','(2,1,2,a)','(2,1,2,a)','2014-07-14 17:26:42.647758','postgres');
INSERT INTO tbl_audit VALUES ('1011','accesos','U','(3,1,3,a)','(3,1,3,a)','2014-07-14 17:26:42.669981','postgres');
INSERT INTO tbl_audit VALUES ('1012','accesos','U','(4,1,4,a)','(4,1,4,a)','2014-07-14 17:26:42.692291','postgres');
INSERT INTO tbl_audit VALUES ('1013','accesos','U','(5,1,5,a)','(5,1,5,a)','2014-07-14 17:26:42.714673','postgres');
INSERT INTO tbl_audit VALUES ('1014','accesos','U','(6,1,6,a)','(6,1,6,a)','2014-07-14 17:26:42.736681','postgres');
INSERT INTO tbl_audit VALUES ('1015','accesos','U','(7,1,7,a)','(7,1,7,p)','2014-07-14 17:26:42.758916','postgres');
INSERT INTO tbl_audit VALUES ('1016','accesos','U','(8,1,8,a)','(8,1,8,a)','2014-07-14 17:26:42.781264','postgres');
INSERT INTO tbl_audit VALUES ('1017','accesos','U','(9,1,9,a)','(9,1,9,a)','2014-07-14 17:26:43.003535','postgres');
INSERT INTO tbl_audit VALUES ('1018','accesos','U','(1,1,1,a)','(1,1,1,a)','2014-07-14 17:26:53.292413','postgres');
INSERT INTO tbl_audit VALUES ('1019','accesos','U','(2,1,2,a)','(2,1,2,a)','2014-07-14 17:26:53.314818','postgres');
INSERT INTO tbl_audit VALUES ('1020','accesos','U','(3,1,3,a)','(3,1,3,a)','2014-07-14 17:26:53.336956','postgres');
INSERT INTO tbl_audit VALUES ('1021','accesos','U','(4,1,4,a)','(4,1,4,a)','2014-07-14 17:26:53.359309','postgres');
INSERT INTO tbl_audit VALUES ('1022','accesos','U','(5,1,5,a)','(5,1,5,a)','2014-07-14 17:26:53.381387','postgres');
INSERT INTO tbl_audit VALUES ('1023','accesos','U','(6,1,6,a)','(6,1,6,a)','2014-07-14 17:26:53.403661','postgres');
INSERT INTO tbl_audit VALUES ('1024','accesos','U','(7,1,7,p)','(7,1,7,a)','2014-07-14 17:26:53.425818','postgres');
INSERT INTO tbl_audit VALUES ('1025','accesos','U','(8,1,8,a)','(8,1,8,a)','2014-07-14 17:26:53.447988','postgres');
INSERT INTO tbl_audit VALUES ('1026','accesos','U','(9,1,9,a)','(9,1,9,a)','2014-07-14 17:26:53.470178','postgres');
INSERT INTO tbl_audit VALUES ('1027','usuario','U','(1,Wi,"Willy Narvaez",Otavalo,1,062922992,091212121,w_narvaez@hotamil.com,1,willy,2014-07-14,Uniandes,1,1)','(1,Wi,"Willy Narvaez",Otavalo,1,062922992,091212121,w_narvaez@hotamil.com,1,willy,2014-07-20,Uniandes,1,1)','2014-07-20 11:18:14.197415','postgres');
INSERT INTO tbl_audit VALUES ('1028','usuario','U','(1,Wi,"Willy Narvaez",Otavalo,1,062922992,091212121,w_narvaez@hotamil.com,1,willy,2014-07-20,Uniandes,1,1)','(1,Wi,"Willy Narvaez",Otavalo,1,062922992,091212121,w_narvaez@hotamil.com,1,willy,2014-07-21,Uniandes,1,1)','2014-07-21 10:26:27.689525','postgres');
INSERT INTO tbl_audit VALUES ('1029','usuario','U','(1,Wi,"Willy Narvaez",Otavalo,1,062922992,091212121,w_narvaez@hotamil.com,1,willy,2014-07-21,Uniandes,1,1)','(1,Wi,"Willy Narvaez",Otavalo,1,062922992,091212121,w_narvaez@hotamil.com,1,willy,2014-07-21,Uniandes,1,1)','2014-07-21 10:44:19.928432','postgres');
INSERT INTO tbl_audit VALUES ('1030','usuario','U','(2,l112,"lUIS pERES",Ibarra,1,"","",w_nar@f.fcom,2,luis,2014-07-14,Uniandes,1,1,,,,)','(2,l112,"lUIS pERES",Ibarra,1,"","",w_nar@f.fcom,1,luis,2014-07-14,Uniandes,1,1,"",123123123,masculino,soltero)','2014-07-21 11:17:30.806856','postgres');
INSERT INTO tbl_audit VALUES ('1031','clave','U','(2,MTIz,2)','(2,MTIz,2)','2014-07-21 11:17:30.851668','postgres');
INSERT INTO tbl_audit VALUES ('1032','usuario','U','(2,l112,"lUIS pERES",Ibarra,1,"","",w_nar@f.fcom,1,luis,2014-07-14,Uniandes,1,1,"",123123123,masculino,soltero)','(2,l112,"lUIS pERES",Ibarra,1,"","",w_nar@f.fcom,1,luis,2014-07-14,Uniandes,1,1,"",123123123,masculino,soltero)','2014-07-21 11:17:42.277823','postgres');
INSERT INTO tbl_audit VALUES ('1033','clave','U','(2,MTIz,2)','(2,MTIz,2)','2014-07-21 11:17:42.319079','postgres');
INSERT INTO tbl_audit VALUES ('1034','usuario','U','(2,l112,"lUIS pERES",Ibarra,1,"","",w_nar@f.fcom,1,luis,2014-07-14,Uniandes,1,1,"",123123123,masculino,soltero)','(2,l112,"lUIS pERES",Ibarra,1,"","",w_nar@f.fcom,1,luis,2014-07-14,Uniandes,1,1,"",123123123,masculino,soltero)','2014-07-21 11:17:42.351488','postgres');
INSERT INTO tbl_audit VALUES ('1035','clave','U','(2,MTIz,2)','(2,MTIz,2)','2014-07-21 11:17:42.407393','postgres');
INSERT INTO tbl_audit VALUES ('1036','usuario','U','(2,l112,"lUIS pERES",Ibarra,1,"","",w_nar@f.fcom,1,luis,2014-07-14,Uniandes,1,1,"",123123123,masculino,soltero)','(2,l112,"lUIS pERES",Ibarra,1,"","",w_nar@f.fcom,1,luis,2014-07-14,Uniandes,1,1,"",123123123,masculino,soltero)','2014-07-21 11:19:12.50482','postgres');
INSERT INTO tbl_audit VALUES ('1037','clave','U','(2,MTIz,2)','(2,MTIz,2)','2014-07-21 11:19:12.552794','postgres');
INSERT INTO tbl_audit VALUES ('1038','usuario','U','(2,l112,"lUIS pERES",Ibarra,1,"","",w_nar@f.fcom,1,luis,2014-07-14,Uniandes,1,1,"",123123123,masculino,soltero)','(2,l112,"lUIS pERES",Ibarra,1,"","",w_nar@f.fcom,1,luis,2014-07-14,Uniandes,1,1,"",123123123,masculino,soltero)','2014-07-21 11:19:12.585581','postgres');
INSERT INTO tbl_audit VALUES ('1039','clave','U','(2,MTIz,2)','(2,MTIz,2)','2014-07-21 11:19:12.608373','postgres');
INSERT INTO tbl_audit VALUES ('1040','usuario','U','(2,l112,"lUIS pERES",Ibarra,1,"","",w_nar@f.fcom,1,luis,2014-07-14,Uniandes,1,1,"",123123123,masculino,soltero)','(2,l112,"lUIS pERES",Ibarra,1,"","",w_nar@f.fcom,1,luis,2014-07-14,Uniandes,1,1,"",123123123,masculino,soltero)','2014-07-21 11:19:12.643311','postgres');
INSERT INTO tbl_audit VALUES ('1041','clave','U','(2,MTIz,2)','(2,MTIz,2)','2014-07-21 11:19:12.663853','postgres');
INSERT INTO tbl_audit VALUES ('1042','usuario','U','(2,l112,"lUIS pERES",Ibarra,1,"","",w_nar@f.fcom,1,luis,2014-07-14,Uniandes,1,1,"",123123123,masculino,soltero)','(2,l112,"lUIS pERES",Ibarra,1,"","",w_nar@f.fcom,1,luis,2014-07-14,Uniandes,1,1,o-,123123123,masculino,soltero)','2014-07-21 11:20:24.602982','postgres');
INSERT INTO tbl_audit VALUES ('1043','clave','U','(2,MTIz,2)','(2,MTIz,2)','2014-07-21 11:20:24.654198','postgres');
INSERT INTO tbl_audit VALUES ('1044','usuario','U','(2,l112,"lUIS pERES",Ibarra,1,"","",w_nar@f.fcom,1,luis,2014-07-14,Uniandes,1,1,o-,123123123,masculino,soltero)','(2,l112,"lUIS pERES",Ibarra,1,"","",w_nar@f.fcom,1,luis,2014-07-14,Uniandes,1,1,o-,123123123,masculino,soltero)','2014-07-21 11:20:24.691307','postgres');
INSERT INTO tbl_audit VALUES ('1045','clave','U','(2,MTIz,2)','(2,MTIz,2)','2014-07-21 11:20:24.709302','postgres');
INSERT INTO tbl_audit VALUES ('1046','usuario','U','(2,l112,"lUIS pERES",Ibarra,1,"","",w_nar@f.fcom,1,luis,2014-07-14,Uniandes,1,1,o-,123123123,masculino,soltero)','(2,l112,"lUIS pERES",Ibarra,1,"","",w_nar@f.fcom,1,luis,2014-07-14,Uniandes,1,1,o-,123123123,masculino,soltero)','2014-07-21 11:20:24.742791','postgres');
INSERT INTO tbl_audit VALUES ('1047','clave','U','(2,MTIz,2)','(2,MTIz,2)','2014-07-21 11:20:24.778248','postgres');
INSERT INTO tbl_audit VALUES ('1048','usuario','U','(2,l112,"lUIS pERES",Ibarra,1,"","",w_nar@f.fcom,1,luis,2014-07-14,Uniandes,1,1,o-,123123123,masculino,soltero)','(2,l112,"lUIS pERES",Ibarra,1,"","",w_nar@f.fcom,1,luis,2014-07-14,Uniandes,1,1,o-,123123123,masculino,soltero)','2014-07-21 11:20:24.807368','postgres');
INSERT INTO tbl_audit VALUES ('1049','clave','U','(2,MTIz,2)','(2,MTIz,2)','2014-07-21 11:20:24.831473','postgres');
INSERT INTO tbl_audit VALUES ('1050','usuario','U','(1,Wi,"Willy Narvaez",Otavalo,1,062922992,091212121,w_narvaez@hotamil.com,1,willy,2014-07-21,Uniandes,1,1,,,,)','(1,Wi,"Willy Narvaez",Otavalo,1,062922992,091212121,w_narvaez@hotamil.com,1,willy,2014-07-21,Uniandes,1,1,o-,2014-07-09,masculino,soltero)','2014-07-21 11:26:54.579645','postgres');
INSERT INTO tbl_audit VALUES ('1051','clave','U','(1,MTIz,1)','(1,MTIz,1)','2014-07-21 11:26:54.623112','postgres');
INSERT INTO tbl_audit VALUES ('1052','usuario','U','(1,Wi,"Willy Narvaez",Otavalo,1,062922992,091212121,w_narvaez@hotamil.com,1,willy,2014-07-21,Uniandes,1,1,o-,2014-07-09,masculino,soltero)','(1,Wi,"Willy Narvaez",Otavalo,1,062922992,091212121,w_narvaez@hotamil.com,1,willy,2014-07-21,Uniandes,1,1,o-,2014-07-09,femenino,divorciado)','2014-07-21 11:35:36.697972','postgres');
INSERT INTO tbl_audit VALUES ('1053','usuario','U','(1,Wi,"Willy Narvaez",Otavalo,1,062922992,091212121,w_narvaez@hotamil.com,1,willy,2014-07-21,Uniandes,1,1,o-,2014-07-09,femenino,divorciado)','(1,Wi,"Willy Narvaez",Otavalo,1,062922992,091212121,w_narvaez@hotamil.com,1,willy,2014-07-21,Uniandes,1,1,o-,2014-07-09,femenino,divorciado)','2014-07-21 11:35:43.125079','postgres');
INSERT INTO tbl_audit VALUES ('1054','usuario','U','(1,Wi,"Willy Narvaez",Otavalo,1,062922992,091212121,w_narvaez@hotamil.com,1,willy,2014-07-21,Uniandes,1,1,o-,2014-07-09,femenino,divorciado)','(1,Wi,"Willy Narvaez",Otavalo,1,062922992,091212121,w_narvaez@hotamil.com,1,willy,2014-07-21,Uniandes,1,1,a+,2006-07-06,femenino,viudo)','2014-07-21 11:36:36.002914','postgres');
INSERT INTO tbl_audit VALUES ('1055','usuario','U','(1,Wi,"Willy Narvaez",Otavalo,1,062922992,091212121,w_narvaez@hotamil.com,1,willy,2014-07-21,Uniandes,1,1,a+,2006-07-06,femenino,viudo)','(1,Wi,"Willy Narvaez",Otavalo,1,062922992,091212121,w_narvaez@hotamil.com,1,willy,2014-07-21,Uniandes,1,1,a+,2006-07-06,femenino,viudo)','2014-07-21 11:36:42.858615','postgres');
INSERT INTO tbl_audit VALUES ('1056','usuario','U','(1,Wi,"Willy Narvaez",Otavalo,1,062922992,091212121,w_narvaez@hotamil.com,1,willy,2014-07-21,Uniandes,1,1,a+,2006-07-06,femenino,viudo)','(1,Wi,"Willy Narvaez",Otavalo,1,062922992,091212121,w_narvaez@hotamil.com,1,willy,2014-07-21,Uniandes,1,1,a+,2006-07-06,femenino,viudo)','2014-07-21 11:40:09.945868','postgres');
INSERT INTO tbl_audit VALUES ('1057','usuario','U','(1,Wi,"Willy Narvaez",Otavalo,1,062922992,091212121,w_narvaez@hotamil.com,1,willy,2014-07-21,Uniandes,1,1,a+,2006-07-06,femenino,viudo)','(1,Wi,"Willy Narvaez",Otavalo,1,062922992,091212121,w_narvaez@hotamil.com,1,willy,2014-07-21,Uniandes,1,1,a+,2006-07-06,femenino,viudo)','2014-07-21 11:40:24.627086','postgres');
INSERT INTO tbl_audit VALUES ('1058','usuario','U','(1,Wi,"Willy Narvaez",Otavalo,1,062922992,091212121,w_narvaez@hotamil.com,1,willy,2014-07-21,Uniandes,1,1,a+,2006-07-06,femenino,viudo)','(1,Wi,"Willy Narvaez",Otavalo,1,062922992,091212121,w_narvaez@hotamil.com,1,willy,2014-07-21,Uniandes,1,1,a+,2006-07-06,femenino,viudo)','2014-07-21 11:40:29.563923','postgres');
INSERT INTO tbl_audit VALUES ('1059','usuario','U','(1,Wi,"Willy Narvaez",Otavalo,1,062922992,091212121,w_narvaez@hotamil.com,1,willy,2014-07-21,Uniandes,1,1,a+,2006-07-06,femenino,viudo)','(1,Wi,"Willy Narvaez",Otavalo,1,062922992,091212121,w_narvaez@hotamil.com,1,willy,2014-07-21,Uniandes,1,1,a+,2006-07-06,femenino,viudo)','2014-07-21 11:41:13.56046','postgres');
INSERT INTO tbl_audit VALUES ('1060','usuario','U','(1,Wi,"Willy Narvaez",Otavalo,1,062922992,091212121,w_narvaez@hotamil.com,1,willy,2014-07-21,Uniandes,1,1,a+,2006-07-06,femenino,viudo)','(1,Wi,"Willy Narvaez",Otavalo,1,062922992,091212121,w_narvaez@hotamil.com,1,willy,2014-07-21,Uniandes,1,1,a+,2006-07-06,femenino,viudo)','2014-07-21 11:41:18.159032','postgres');
INSERT INTO tbl_audit VALUES ('1061','usuario','U','(1,Wi,"Willy Narvaez",Otavalo,1,062922992,091212121,w_narvaez@hotamil.com,1,willy,2014-07-21,Uniandes,1,1,a+,2006-07-06,femenino,viudo)','(1,Wi,"Willy Narvaez",Otavalo,1,062922992,091212121,w_narvaez@hotamil.com,1,willy,2014-07-21,Uniandes,1,1,a+,2006-07-06,femenino,viudo)','2014-07-21 11:42:29.272749','postgres');
INSERT INTO tbl_audit VALUES ('1062','usuario','U','(1,Wi,"Willy Narvaez",Otavalo,1,062922992,091212121,w_narvaez@hotamil.com,1,willy,2014-07-21,Uniandes,1,1,a+,2006-07-06,femenino,viudo)','(1,Wi,"Willy Narvaez",Otavalo,1,062922992,091212121,w_narvaez@hotamil.com,1,willy,2014-07-21,Uniandes,1,1,a+,2006-07-06,femenino,viudo)','2014-07-21 11:42:33.54552','postgres');
INSERT INTO tbl_audit VALUES ('1063','usuario','U','(1,Wi,"Willy Narvaez",Otavalo,1,062922992,091212121,w_narvaez@hotamil.com,1,willy,2014-07-21,Uniandes,1,1,a+,2006-07-06,femenino,viudo)','(1,Wi,"Willy Narvaez",Otavalo,1,062922992,091212121,w_narvaez@hotamil.com,1,willy,2014-07-21,Uniandes,1,1,a+,2006-07-06,femenino,viudo)','2014-07-21 11:44:57.3958','postgres');
INSERT INTO tbl_audit VALUES ('1064','tipo_usuario','U','(2,DOCENTE)','(2,USUARIO)','2014-10-03 10:17:32.169','postgres');
INSERT INTO tbl_audit VALUES ('1065','usuario','U','(1,Wi,"Willy Narvaez",Otavalo,1,062922992,091212121,w_narvaez@hotamil.com,1,willy,2014-07-21,Uniandes,1,1,a+,2006-07-06,femenino,viudo)','(1,Wi,"Oscar Quilca",Otavalo,1,062922992,091212121,w_narvaez@hotamil.com,1,javier,2014-07-21,Uniandes,1,1,a+,2006-07-06,femenino,viudo)','2014-10-03 10:18:16.616','postgres');
INSERT INTO tbl_audit VALUES ('1066','archivo','D','(1,23423,S-2014-07-14-txt-1-1,2,1,0)',NULL,'2014-10-03 10:18:45.057','postgres');
INSERT INTO tbl_audit VALUES ('1067','bitacora','D','(1,1,"2014-07-14 17:22:05",wer,1,1,wer,344,SimpleGrammarES1201407141722051.txt,text/plain)',NULL,'2014-10-03 10:18:45.057','postgres');
INSERT INTO tbl_audit VALUES ('1068','bitacora','D','(2,1,"2014-07-14 17:24:21",wer,1,1,wer,233,SimpleGrammarES2201407141724211.txt,text/plain)',NULL,'2014-10-03 10:18:45.057','postgres');
INSERT INTO tbl_audit VALUES ('1069','recibidos','D','(2,1,2,Enviado,1)',NULL,'2014-10-03 10:18:45.057','postgres');
INSERT INTO tbl_audit VALUES ('1070','recibidos','D','(1,1,1,Enviado,1)',NULL,'2014-10-03 10:18:45.057','postgres');
INSERT INTO tbl_audit VALUES ('1071','metas','D','(1,nombre,SimpleGrammarES1201407141722051.txt,1)',NULL,'2014-10-03 10:18:45.057','postgres');
INSERT INTO tbl_audit VALUES ('1072','metas','D','(2,tipo,text/plain,1)',NULL,'2014-10-03 10:18:45.057','postgres');
INSERT INTO tbl_audit VALUES ('1073','metas','D','(3,peso,344,1)',NULL,'2014-10-03 10:18:45.057','postgres');
INSERT INTO tbl_audit VALUES ('1074','accesos','D','(1,1,1,a)',NULL,'2014-10-03 10:19:08.483','postgres');
INSERT INTO tbl_audit VALUES ('1075','accesos','D','(4,1,4,a)',NULL,'2014-10-03 10:19:31.502','postgres');
INSERT INTO tbl_audit VALUES ('1076','accesos','D','(18,2,9,p)',NULL,'2014-10-03 10:19:36.522','postgres');
INSERT INTO tbl_audit VALUES ('1077','accesos','D','(13,2,4,a)',NULL,'2014-10-03 10:19:42.373','postgres');
INSERT INTO tbl_audit VALUES ('1078','accesos','D','(11,2,2,p)',NULL,'2014-10-03 10:19:47.393','postgres');
INSERT INTO tbl_audit VALUES ('1079','accesos','D','(9,1,9,a)',NULL,'2014-10-03 10:19:52.058','postgres');
INSERT INTO tbl_audit VALUES ('1080','accesos','D','(7,1,7,a)',NULL,'2014-10-03 10:19:56.517','postgres');
INSERT INTO tbl_audit VALUES ('1081','accesos','D','(8,1,8,a)',NULL,'2014-10-03 10:20:01.805','postgres');
INSERT INTO tbl_audit VALUES ('1082','accesos','D','(6,1,6,a)',NULL,'2014-10-03 10:20:09.103','postgres');
INSERT INTO tbl_audit VALUES ('1083','accesos','D','(12,2,3,p)',NULL,'2014-10-03 10:20:16.62','postgres');
INSERT INTO tbl_audit VALUES ('1084','accesos','D','(5,1,5,a)',NULL,'2014-10-03 10:20:25.507','postgres');
INSERT INTO tbl_audit VALUES ('1085','accesos','D','(2,1,2,a)',NULL,'2014-10-03 10:20:35.742','postgres');
INSERT INTO tbl_audit VALUES ('1086','accesos','D','(15,2,6,a)',NULL,'2014-10-03 10:20:40.321','postgres');
INSERT INTO tbl_audit VALUES ('1087','accesos','D','(10,2,1,p)',NULL,'2014-10-03 10:20:45.659','postgres');
INSERT INTO tbl_audit VALUES ('1088','accesos','D','(14,2,5,a)',NULL,'2014-10-03 10:20:52.09','postgres');
INSERT INTO tbl_audit VALUES ('1089','accesos','D','(3,1,3,a)',NULL,'2014-10-03 10:20:57.696','postgres');
INSERT INTO tbl_audit VALUES ('1090','accesos','D','(16,2,7,p)',NULL,'2014-10-03 10:21:02.556','postgres');
INSERT INTO tbl_audit VALUES ('1091','accesos','D','(17,2,8,p)',NULL,'2014-10-03 10:21:11.802','postgres');
INSERT INTO tbl_audit VALUES ('1092','usuario','U','(1,Wi,"Oscar Quilca",Otavalo,1,062922992,091212121,w_narvaez@hotamil.com,1,javier,2014-07-21,Uniandes,1,1,a+,2006-07-06,femenino,viudo)','(1,Wi,"Oscar Quilca",Otavalo,1,062922992,091212121,w_narvaez@hotamil.com,1,javier,2014-10-03,Uniandes,1,1,a+,2006-07-06,femenino,viudo)','2014-10-03 10:27:48.515','postgres');
INSERT INTO tbl_audit VALUES ('1093','accesos','I',NULL,'(1,,,)','2014-10-03 10:31:28.914','postgres');
INSERT INTO tbl_audit VALUES ('1094','accesos','U','(1,,,)','(1,1,,)','2014-10-03 10:31:37.135','postgres');
INSERT INTO tbl_audit VALUES ('1095','accesos','I',NULL,'(2,,,)','2014-10-03 10:31:39.307','postgres');
INSERT INTO tbl_audit VALUES ('1096','accesos','I',NULL,'(3,,,)','2014-10-03 10:31:42.77','postgres');
INSERT INTO tbl_audit VALUES ('1097','accesos','I',NULL,'(4,,,)','2014-10-03 10:31:48.288','postgres');
INSERT INTO tbl_audit VALUES ('1098','accesos','I',NULL,'(5,,,)','2014-10-03 10:31:51.867','postgres');
INSERT INTO tbl_audit VALUES ('1099','accesos','I',NULL,'(6,,,)','2014-10-03 10:31:56.419','postgres');
INSERT INTO tbl_audit VALUES ('1100','accesos','I',NULL,'(7,,,)','2014-10-03 10:32:01.928','postgres');
INSERT INTO tbl_audit VALUES ('1101','accesos','I',NULL,'(8,,,)','2014-10-03 10:32:10.493','postgres');
INSERT INTO tbl_audit VALUES ('1102','accesos','I',NULL,'(9,,,)','2014-10-03 10:32:13.647','postgres');
INSERT INTO tbl_audit VALUES ('1103','accesos','I',NULL,'(10,,,)','2014-10-03 10:32:18.952','postgres');
INSERT INTO tbl_audit VALUES ('1104','accesos','I',NULL,'(11,,,)','2014-10-03 10:32:23.413','postgres');
INSERT INTO tbl_audit VALUES ('1105','accesos','I',NULL,'(12,,,)','2014-10-03 10:32:26.539','postgres');
INSERT INTO tbl_audit VALUES ('1106','accesos','I',NULL,'(13,,,)','2014-10-03 10:32:31.152','postgres');
INSERT INTO tbl_audit VALUES ('1107','accesos','I',NULL,'(14,,,)','2014-10-03 10:32:34.751','postgres');
INSERT INTO tbl_audit VALUES ('1108','accesos','I',NULL,'(15,,,)','2014-10-03 10:32:39.51','postgres');
INSERT INTO tbl_audit VALUES ('1109','accesos','I',NULL,'(16,,,)','2014-10-03 10:32:43.096','postgres');
INSERT INTO tbl_audit VALUES ('1110','accesos','I',NULL,'(17,,,)','2014-10-03 10:32:46.536','postgres');
INSERT INTO tbl_audit VALUES ('1111','accesos','I',NULL,'(18,,,)','2014-10-03 10:32:49.487','postgres');
INSERT INTO tbl_audit VALUES ('1112','accesos','U','(2,,,)','(2,1,,)','2014-10-03 10:32:54.794','postgres');
INSERT INTO tbl_audit VALUES ('1113','accesos','U','(3,,,)','(3,1,,)','2014-10-03 10:33:01.284','postgres');
INSERT INTO tbl_audit VALUES ('1114','accesos','U','(4,,,)','(4,1,,)','2014-10-03 10:33:04.608','postgres');
INSERT INTO tbl_audit VALUES ('1115','accesos','U','(5,,,)','(5,1,,)','2014-10-03 10:33:06.925','postgres');
INSERT INTO tbl_audit VALUES ('1116','accesos','U','(6,,,)','(6,1,,)','2014-10-03 10:33:09.048','postgres');
INSERT INTO tbl_audit VALUES ('1117','accesos','U','(7,,,)','(7,1,,)','2014-10-03 10:33:11.623','postgres');
INSERT INTO tbl_audit VALUES ('1118','accesos','U','(8,,,)','(8,1,,)','2014-10-03 10:33:17.076','postgres');
INSERT INTO tbl_audit VALUES ('1119','accesos','U','(9,,,)','(9,1,,)','2014-10-03 10:33:22.75','postgres');
INSERT INTO tbl_audit VALUES ('1120','accesos','U','(10,,,)','(10,2,,)','2014-10-03 10:33:25.982','postgres');
INSERT INTO tbl_audit VALUES ('1121','accesos','U','(11,,,)','(11,2,,)','2014-10-03 10:33:28.677','postgres');
INSERT INTO tbl_audit VALUES ('1122','accesos','U','(12,,,)','(12,2,,)','2014-10-03 10:33:31.014','postgres');
INSERT INTO tbl_audit VALUES ('1123','accesos','U','(13,,,)','(13,2,,)','2014-10-03 10:33:33.171','postgres');
INSERT INTO tbl_audit VALUES ('1124','accesos','U','(14,,,)','(14,2,,)','2014-10-03 10:33:35.413','postgres');
INSERT INTO tbl_audit VALUES ('1125','accesos','U','(15,,,)','(15,2,,)','2014-10-03 10:33:37.776','postgres');
INSERT INTO tbl_audit VALUES ('1126','accesos','U','(16,,,)','(16,2,,)','2014-10-03 10:33:39.855','postgres');
INSERT INTO tbl_audit VALUES ('1127','accesos','U','(17,,,)','(17,2,,)','2014-10-03 10:33:42.196','postgres');
INSERT INTO tbl_audit VALUES ('1128','accesos','U','(18,,,)','(18,2,,)','2014-10-03 10:33:44.418','postgres');
INSERT INTO tbl_audit VALUES ('1129','accesos','U','(1,1,,)','(1,1,1,)','2014-10-03 10:34:21.333','postgres');
INSERT INTO tbl_audit VALUES ('1130','accesos','U','(2,1,,)','(2,1,2,)','2014-10-03 10:34:24.813','postgres');
INSERT INTO tbl_audit VALUES ('1131','accesos','U','(3,1,,)','(3,1,3,)','2014-10-03 10:34:27.693','postgres');
INSERT INTO tbl_audit VALUES ('1132','accesos','U','(4,1,,)','(4,1,4,)','2014-10-03 10:34:30.562','postgres');
INSERT INTO tbl_audit VALUES ('1133','accesos','U','(5,1,,)','(5,1,5,)','2014-10-03 10:34:32.845','postgres');
INSERT INTO tbl_audit VALUES ('1134','accesos','U','(6,1,,)','(6,1,6,)','2014-10-03 10:34:36.751','postgres');
INSERT INTO tbl_audit VALUES ('1135','accesos','U','(7,1,,)','(7,1,7,)','2014-10-03 10:34:39.46','postgres');
INSERT INTO tbl_audit VALUES ('1136','accesos','U','(8,1,,)','(8,1,8,)','2014-10-03 10:34:41.23','postgres');
INSERT INTO tbl_audit VALUES ('1137','accesos','U','(9,1,,)','(9,1,9,)','2014-10-03 10:34:44.233','postgres');
INSERT INTO tbl_audit VALUES ('1138','accesos','U','(10,2,,)','(10,2,1,)','2014-10-03 10:34:46.834','postgres');
INSERT INTO tbl_audit VALUES ('1139','accesos','U','(11,2,,)','(11,2,2,)','2014-10-03 10:34:49.838','postgres');
INSERT INTO tbl_audit VALUES ('1140','accesos','U','(12,2,,)','(12,2,3,)','2014-10-03 10:34:52.856','postgres');
INSERT INTO tbl_audit VALUES ('1141','accesos','U','(13,2,,)','(13,2,5,)','2014-10-03 10:34:55.252','postgres');
INSERT INTO tbl_audit VALUES ('1142','accesos','U','(14,2,,)','(14,2,6,)','2014-10-03 10:35:02.443','postgres');
INSERT INTO tbl_audit VALUES ('1143','accesos','U','(13,2,5,)','(13,2,4,)','2014-10-03 10:35:05.281','postgres');
INSERT INTO tbl_audit VALUES ('1144','accesos','U','(14,2,6,)','(14,2,5,)','2014-10-03 10:35:08.793','postgres');
INSERT INTO tbl_audit VALUES ('1145','accesos','U','(15,2,,)','(15,2,6,)','2014-10-03 10:35:11.424','postgres');
INSERT INTO tbl_audit VALUES ('1146','accesos','U','(16,2,,)','(16,2,7,)','2014-10-03 10:35:14.468','postgres');
INSERT INTO tbl_audit VALUES ('1147','accesos','U','(17,2,,)','(17,2,8,)','2014-10-03 10:35:17.226','postgres');
INSERT INTO tbl_audit VALUES ('1148','accesos','U','(18,2,,)','(18,2,9,)','2014-10-03 10:35:20.624','postgres');
INSERT INTO tbl_audit VALUES ('1149','accesos','U','(1,1,1,)','(1,1,1,a)','2014-10-03 10:35:57.917','postgres');
INSERT INTO tbl_audit VALUES ('1150','accesos','U','(2,1,2,)','(2,1,2,a)','2014-10-03 10:36:01.668','postgres');
INSERT INTO tbl_audit VALUES ('1151','accesos','U','(3,1,3,)','(3,1,3,a)','2014-10-03 10:36:04.215','postgres');
INSERT INTO tbl_audit VALUES ('1152','accesos','U','(4,1,4,)','(4,1,4,a)','2014-10-03 10:36:07.386','postgres');
INSERT INTO tbl_audit VALUES ('1153','accesos','U','(5,1,5,)','(5,1,5,a)','2014-10-03 10:36:09.87','postgres');
INSERT INTO tbl_audit VALUES ('1154','accesos','U','(6,1,6,)','(6,1,6,a)','2014-10-03 10:36:12.497','postgres');
INSERT INTO tbl_audit VALUES ('1155','accesos','U','(7,1,7,)','(7,1,7,a)','2014-10-03 10:36:14.397','postgres');
INSERT INTO tbl_audit VALUES ('1156','accesos','U','(8,1,8,)','(8,1,8,a)','2014-10-03 10:36:16.826','postgres');
INSERT INTO tbl_audit VALUES ('1158','accesos','U','(10,2,1,)','(10,2,1,p)','2014-10-03 10:36:24.896','postgres');
INSERT INTO tbl_audit VALUES ('1159','accesos','U','(11,2,2,)','(11,2,2,p)','2014-10-03 10:36:29.999','postgres');
INSERT INTO tbl_audit VALUES ('1160','accesos','U','(12,2,3,)','(12,2,3,p)','2014-10-03 10:36:32.448','postgres');
INSERT INTO tbl_audit VALUES ('1161','accesos','U','(13,2,4,)','(13,2,4,a)','2014-10-03 10:36:35.861','postgres');
INSERT INTO tbl_audit VALUES ('1162','accesos','U','(14,2,5,)','(14,2,5,a)','2014-10-03 10:36:39.785','postgres');
INSERT INTO tbl_audit VALUES ('1163','accesos','U','(15,2,6,)','(15,2,6,a)','2014-10-03 10:36:42.802','postgres');
INSERT INTO tbl_audit VALUES ('1164','accesos','U','(16,2,7,)','(16,2,7,p)','2014-10-03 10:36:46.869','postgres');
INSERT INTO tbl_audit VALUES ('1165','accesos','U','(17,2,8,)','(17,2,8,p)','2014-10-03 10:36:49.71','postgres');
INSERT INTO tbl_audit VALUES ('1166','accesos','U','(18,2,9,)','(18,2,9,p)','2014-10-03 10:36:52.425','postgres');
INSERT INTO tbl_audit VALUES ('1167','usuario','U','(1,Wi,"Oscar Quilca",Otavalo,1,062922992,091212121,w_narvaez@hotamil.com,1,javier,2014-10-03,Uniandes,1,1,a+,2006-07-06,femenino,viudo)','(1,Wi,"Oscar Quilca",Otavalo,1,062922992,091212121,w_narvaez@hotamil.com,1,javier,2014-10-03,Uniandes,1,1,a+,2006-07-06,femenino,viudo)','2014-10-03 11:52:20.419','postgres');
INSERT INTO tbl_audit VALUES ('1168','pais','I',NULL,'(2,Colombia)','2014-10-03 11:53:04.376','postgres');
INSERT INTO tbl_audit VALUES ('1169','pais','I',NULL,'(3,Peru)','2014-10-03 11:53:13.929','postgres');
INSERT INTO tbl_audit VALUES ('1170','provincias','I',NULL,'(2,Pichincha,1)','2014-10-03 11:54:12.596','postgres');
INSERT INTO tbl_audit VALUES ('1171','ciudad','I',NULL,'(2,Ibarra,1)','2014-10-03 11:54:28.082','postgres');
INSERT INTO tbl_audit VALUES ('1172','departamento','I',NULL,'(2,2,CORDINACION,Activo)','2014-10-03 11:57:54.048','postgres');
INSERT INTO tbl_audit VALUES ('1173','departamento','I',NULL,'(3,3,SISTEMAS,Activo)','2014-10-03 11:58:14.199','postgres');
INSERT INTO tbl_audit VALUES ('1174','medio_recepcion','I',NULL,'(1,1,IMPRESO,Activo)','2014-10-03 11:58:36.512','postgres');
INSERT INTO tbl_audit VALUES ('1175','medio_recepcion','I',NULL,'(2,2,DIGITAL,Activo)','2014-10-03 11:58:51.129','postgres');
INSERT INTO tbl_audit VALUES ('1176','usuario','I',NULL,'(3,j133,"juan carlos",ibarra,2,87589545454,877785498548754,njmnm@ghj.com,2,juan,"",mies,1,3,o-,2014-10-03,masculino,soltero)','2014-10-03 12:02:47.258','postgres');
INSERT INTO tbl_audit VALUES ('1177','clave','I',NULL,'(3,MTIz,3)','2014-10-03 12:02:47.329','postgres');
INSERT INTO tbl_audit VALUES ('1178','accesos','I',NULL,'(19,3,1,p)','2014-10-03 12:02:47.418','postgres');
INSERT INTO tbl_audit VALUES ('1179','accesos','I',NULL,'(20,3,2,p)','2014-10-03 12:02:47.421','postgres');
INSERT INTO tbl_audit VALUES ('1180','accesos','I',NULL,'(21,3,3,p)','2014-10-03 12:02:47.423','postgres');
INSERT INTO tbl_audit VALUES ('1181','accesos','I',NULL,'(22,3,4,a)','2014-10-03 12:02:47.425','postgres');
INSERT INTO tbl_audit VALUES ('1182','accesos','I',NULL,'(23,3,5,a)','2014-10-03 12:02:47.427','postgres');
INSERT INTO tbl_audit VALUES ('1183','accesos','I',NULL,'(24,3,6,a)','2014-10-03 12:02:47.429','postgres');
INSERT INTO tbl_audit VALUES ('1184','accesos','I',NULL,'(25,3,7,p)','2014-10-03 12:02:47.431','postgres');
INSERT INTO tbl_audit VALUES ('1185','accesos','I',NULL,'(26,3,8,p)','2014-10-03 12:02:47.433','postgres');
INSERT INTO tbl_audit VALUES ('1186','accesos','I',NULL,'(27,3,9,p)','2014-10-03 12:02:47.435','postgres');
INSERT INTO tbl_audit VALUES ('1187','usuario','U','(3,j133,"juan carlos",ibarra,2,87589545454,877785498548754,njmnm@ghj.com,2,juan,"",mies,1,3,o-,2014-10-03,masculino,soltero)','(3,j133,"juan carlos",ibarra,2,87589545454,877785498548754,njmnm@ghj.com,2,juan,2014-10-03,mies,1,3,o-,2014-10-03,masculino,soltero)','2014-10-03 12:08:51.468','postgres');
INSERT INTO tbl_audit VALUES ('1188','archivo','I',NULL,'(1,examen,C-2014-10-03-docx-1-1,2,3,0)','2014-10-03 12:14:19.194','postgres');
INSERT INTO tbl_audit VALUES ('1189','bitacora','I',NULL,'(1,1,"2014-10-03 12:14:19","para informacion personal",3,3,nada,46060,CIVILIZACION201410031214191.docx,application/vnd.openxmlformats-officedocument.wordprocessingml.document)','2014-10-03 12:14:19.253','postgres');
INSERT INTO tbl_audit VALUES ('1190','metas','I',NULL,'(1,nombre,CIVILIZACION201410031214191.docx,1)','2014-10-03 12:14:19.338','postgres');
INSERT INTO tbl_audit VALUES ('1191','metas','I',NULL,'(2,tipo,application/vnd.openxmlformats-officedocument.wordprocessingml.document,1)','2014-10-03 12:14:19.363','postgres');
INSERT INTO tbl_audit VALUES ('1192','metas','I',NULL,'(3,peso,46060,1)','2014-10-03 12:14:19.365','postgres');
INSERT INTO tbl_audit VALUES ('1193','recibidos','I',NULL,'(1,1,3,Enviado,1)','2014-10-03 12:14:19.37','postgres');
INSERT INTO tbl_audit VALUES ('1194','recibidos','I',NULL,'(2,1,1,Enviado,1)','2014-10-03 12:14:19.407','postgres');
INSERT INTO tbl_audit VALUES ('1195','usuario','U','(1,Wi,"Oscar Quilca",Otavalo,1,062922992,091212121,w_narvaez@hotamil.com,1,javier,2014-10-03,Uniandes,1,1,a+,2006-07-06,femenino,viudo)','(1,Wi,"Oscar Quilca",Otavalo,1,062922992,091212121,w_narvaez@hotamil.com,1,javier,2014-10-03,Uniandes,1,1,a+,2006-07-06,femenino,viudo)','2014-10-03 12:16:12.166','postgres');
INSERT INTO tbl_audit VALUES ('1196','recibidos','U','(1,1,3,Enviado,1)','(1,1,3,Enviado,0)','2014-10-03 12:16:35.288','postgres');
INSERT INTO tbl_audit VALUES ('1197','recibidos','U','(1,1,3,Enviado,0)','(1,1,3,Enviado,0)','2014-10-03 12:16:56.913','postgres');
INSERT INTO tbl_audit VALUES ('1198','recibidos','U','(1,1,3,Enviado,0)','(1,1,3,Enviado,0)','2014-10-03 12:16:57.028','postgres');
INSERT INTO tbl_audit VALUES ('1199','usuario','U','(1,Wi,"Oscar Quilca",Otavalo,1,062922992,091212121,w_narvaez@hotamil.com,1,javier,2014-10-03,Uniandes,1,1,a+,2006-07-06,femenino,viudo)','(1,Wi,"Oscar Quilca",Otavalo,1,062922992,091212121,w_narvaez@hotamil.com,1,javier,2014-10-03,Uniandes,1,1,a+,2006-07-06,femenino,viudo)','2014-10-03 12:18:05.33','postgres');


--
-- Creating index for 'tbl_audit'
--

ALTER TABLE ONLY  tbl_audit  ADD CONSTRAINT  pk_audit  PRIMARY KEY  (pk_audit);

--
-- Estrutura de la tabla 'tipo_documento'
--

DROP TABLE tipo_documento CASCADE;
CREATE TABLE tipo_documento (
id_tipo_documento int4 NOT NULL,
codigo_doc text,
nombre_doc text,
estado_doc text
);

--
-- Creating data for 'tipo_documento'
--

INSERT INTO tipo_documento VALUES ('2','DOC','DOCUMENTO','Activo');
INSERT INTO tipo_documento VALUES ('1','CAR','CARTA','Activo');
INSERT INTO tipo_documento VALUES ('3','ARC','ARCHIVO','Activo');


--
-- Creating index for 'tipo_documento'
--

ALTER TABLE ONLY  tipo_documento  ADD CONSTRAINT  tipo_documento_pkey  PRIMARY KEY  (id_tipo_documento);

--
-- Estrutura de la tabla 'tipo_usuario'
--

DROP TABLE tipo_usuario CASCADE;
CREATE TABLE tipo_usuario (
id_tipo_usuario int4 NOT NULL,
nombre_tipo text
);

--
-- Creating data for 'tipo_usuario'
--

INSERT INTO tipo_usuario VALUES ('1','ADMINISTRADOR');
INSERT INTO tipo_usuario VALUES ('2','USUARIO');


--
-- Creating index for 'tipo_usuario'
--

ALTER TABLE ONLY  tipo_usuario  ADD CONSTRAINT  tipo_usuario_pkey  PRIMARY KEY  (id_tipo_usuario);

--
-- Estrutura de la tabla 'usuario'
--

DROP TABLE usuario CASCADE;
CREATE TABLE usuario (
id_usuario int4 NOT NULL,
cod_usuario text,
nombres_usuario text,
direccion_usuario text,
id_ciudad int4,
telefono_usuario text,
celular_usuario text,
email_usuario text,
id_tipo_user int4,
nick_usuario text,
fecha text,
institucion text,
id_categoria int4,
id_departamento int4,
tipo_sangre text,
fecha_nacimiento text,
sexo text,
estado_civil text
);

--
-- Creating data for 'usuario'
--

INSERT INTO usuario VALUES ('2','l112','lUIS pERES','Ibarra','1',NULL,NULL,'w_nar@f.fcom','1','luis','2014-07-14','Uniandes','1','1','o-','123123123','masculino','soltero');
INSERT INTO usuario VALUES ('3','j133','juan carlos','ibarra','2','87589545454','877785498548754','njmnm@ghj.com','2','juan','2014-10-03','mies','1','3','o-','2014-10-03','masculino','soltero');
INSERT INTO usuario VALUES ('1','Wi','Oscar Quilca','Otavalo','1','062922992','091212121','w_narvaez@hotamil.com','1','javier','2014-10-03','Uniandes','1','1','a+','2006-07-06','femenino','viudo');


--
-- Creating index for 'usuario'
--

ALTER TABLE ONLY  usuario  ADD CONSTRAINT  usuario_pkey  PRIMARY KEY  (id_usuario);


--
-- Creating relacionships for 'accesos'
--

ALTER TABLE ONLY accesos ADD CONSTRAINT r_usuario_acceso FOREIGN KEY (id_usuario) REFERENCES usuario(id_usuario) ON UPDATE CASCADE ON DELETE CASCADE;

--
-- Creating relacionships for 'archivo'
--

ALTER TABLE ONLY archivo ADD CONSTRAINT r_tipo_doc_archivo FOREIGN KEY (id_tipo_doc) REFERENCES tipo_documento(id_tipo_documento) ON UPDATE CASCADE ON DELETE CASCADE;

--
-- Creating relacionships for 'bitacora'
--

ALTER TABLE ONLY bitacora ADD CONSTRAINT r_departamento_bitacora FOREIGN KEY (id_departamento) REFERENCES departamento(id_departamento) ON UPDATE CASCADE ON DELETE CASCADE;

--
-- Creating relacionships for 'bitacora'
--

ALTER TABLE ONLY bitacora ADD CONSTRAINT r_usuario_bitacora FOREIGN KEY (id_usuario) REFERENCES usuario(id_usuario) ON UPDATE CASCADE ON DELETE CASCADE;

--
-- Creating relacionships for 'bitacora'
--

ALTER TABLE ONLY bitacora ADD CONSTRAINT r_archivo_bitacora FOREIGN KEY (id_archivo) REFERENCES archivo(id_archivo) ON UPDATE CASCADE ON DELETE CASCADE;

--
-- Creating relacionships for 'ciudad'
--

ALTER TABLE ONLY ciudad ADD CONSTRAINT r_provincia_ciudad FOREIGN KEY (id_provincia) REFERENCES provincias(id_provincia) ON UPDATE CASCADE ON DELETE CASCADE;

--
-- Creating relacionships for 'metas'
--

ALTER TABLE ONLY metas ADD CONSTRAINT r_meta_archivo FOREIGN KEY (id_archivo) REFERENCES archivo(id_archivo) ON UPDATE CASCADE ON DELETE CASCADE;

--
-- Creating relacionships for 'provincias'
--

ALTER TABLE ONLY provincias ADD CONSTRAINT r_provincia_pais FOREIGN KEY (id_pais) REFERENCES pais(id_pais) ON UPDATE CASCADE ON DELETE CASCADE;

--
-- Creating relacionships for 'recibidos'
--

ALTER TABLE ONLY recibidos ADD CONSTRAINT r_archivo_recibido FOREIGN KEY (id_archivo) REFERENCES archivo(id_archivo) ON UPDATE CASCADE ON DELETE CASCADE;

--
-- Creating relacionships for 'usuario'
--

ALTER TABLE ONLY usuario ADD CONSTRAINT r_categoria_usuario FOREIGN KEY (id_categoria) REFERENCES categorias(id_categoria) ON UPDATE CASCADE ON DELETE CASCADE;

--
-- Creating relacionships for 'usuario'
--

ALTER TABLE ONLY usuario ADD CONSTRAINT r_usuario_ciudad FOREIGN KEY (id_ciudad) REFERENCES ciudad(id_ciudad) ON UPDATE CASCADE ON DELETE CASCADE;

--
-- Creating relacionships for 'usuario'
--

ALTER TABLE ONLY usuario ADD CONSTRAINT r_usuario_tipo_usuario FOREIGN KEY (id_tipo_user) REFERENCES tipo_usuario(id_tipo_usuario) ON UPDATE CASCADE ON DELETE CASCADE;
CREATE TRIGGER tbl_accesos_tg_audit AFTER INSERT OR DELETE OR UPDATE ON accesos FOR EACH ROW EXECUTE PROCEDURE fn_log_audit();
CREATE TRIGGER tbl_aplicaciones_tg_audit AFTER INSERT OR DELETE OR UPDATE ON aplicaciones FOR EACH ROW EXECUTE PROCEDURE fn_log_audit();
CREATE TRIGGER tbl_archivo_tg_audit AFTER INSERT OR DELETE OR UPDATE ON archivo FOR EACH ROW EXECUTE PROCEDURE fn_log_audit();
CREATE TRIGGER tbl_bitacora_tg_audit AFTER INSERT OR DELETE OR UPDATE ON bitacora FOR EACH ROW EXECUTE PROCEDURE fn_log_audit();
CREATE TRIGGER tbl_categorias_tg_audit AFTER INSERT OR DELETE OR UPDATE ON categorias FOR EACH ROW EXECUTE PROCEDURE fn_log_audit();
CREATE TRIGGER tbl_ciudad_tg_audit AFTER INSERT OR DELETE OR UPDATE ON ciudad FOR EACH ROW EXECUTE PROCEDURE fn_log_audit();
CREATE TRIGGER tbl_clave_tg_audit AFTER INSERT OR DELETE OR UPDATE ON clave FOR EACH ROW EXECUTE PROCEDURE fn_log_audit();
CREATE TRIGGER tbl_departamento_tg_audit AFTER INSERT OR DELETE OR UPDATE ON departamento FOR EACH ROW EXECUTE PROCEDURE fn_log_audit();
CREATE TRIGGER tbl_medio_recepcion_tg_audit AFTER INSERT OR DELETE OR UPDATE ON medio_recepcion FOR EACH ROW EXECUTE PROCEDURE fn_log_audit();
CREATE TRIGGER tbl_metas_tg_audit AFTER INSERT OR DELETE OR UPDATE ON metas FOR EACH ROW EXECUTE PROCEDURE fn_log_audit();
CREATE TRIGGER tbl_pais_tg_audit AFTER INSERT OR DELETE OR UPDATE ON pais FOR EACH ROW EXECUTE PROCEDURE fn_log_audit();
CREATE TRIGGER tbl_provincias_tg_audit AFTER INSERT OR DELETE OR UPDATE ON provincias FOR EACH ROW EXECUTE PROCEDURE fn_log_audit();
CREATE TRIGGER tbl_recibidos_tg_audit AFTER INSERT OR DELETE OR UPDATE ON recibidos FOR EACH ROW EXECUTE PROCEDURE fn_log_audit();
CREATE TRIGGER tbl_tipo_documento_tg_audit AFTER INSERT OR DELETE OR UPDATE ON tipo_documento FOR EACH ROW EXECUTE PROCEDURE fn_log_audit();
CREATE TRIGGER tbl_tipo_usuario_tg_audit AFTER INSERT OR DELETE OR UPDATE ON tipo_usuario FOR EACH ROW EXECUTE PROCEDURE fn_log_audit();
CREATE TRIGGER tbl_usuario_tg_audit AFTER INSERT OR DELETE OR UPDATE ON usuario FOR EACH ROW EXECUTE PROCEDURE fn_log_audit();